,terms_count_study,terms_count_ref,global_freq,delta_f,simple_score,entropy_score
poisson,233.0,188.0,0.0191703474340877,0.03694887767976411,0.006362448362625125,0.08707473689358083
tomate,160.0,207.0,0.016711443012613268,0.020817255410424104,0.0035931769150954985,0.045351177534581746
sauce,129.0,214.0,0.015618596603069078,0.014029321799822551,0.0024288510232083464,0.029666415109902512
lieu,47.0,9.0,0.0025499749556031144,0.00914449688043175,0.0015460110788204434,0.02955636274396362
filet,64.0,49.0,0.00514548517827057,0.010303394766941408,0.0017696146464640191,0.02476726208546823
meuniere,63.0,47.0,0.005008879377077546,0.01021458567508506,0.001753744778677928,0.024681153806770325
riz,92.0,143.0,0.010700787760120213,0.010567957063613588,0.0018309440079793033,0.022605213912191682
epinards,50.0,34.0,0.003824962433404672,0.008299878018348023,0.0014218221420711896,0.020487247836994064
basilic,31.0,6.0,0.0016848048813806293,0.006027744147997024,0.00100955432974202,0.019418239029998063
biologique,285.0,842.0,0.05131824598151268,0.009405088576871903,0.0016432166787898616,0.019117521520856967
galettes,44.0,31.0,0.0034151450298256,0.007240738454637576,0.0012400876092261925,0.017788223578142175
soja,30.0,8.0,0.0017303401484449706,0.005705030606108516,0.0009580869212949066,0.017217998930704758
carotte,100.0,213.0,0.014252538591138838,0.00812071972303018,0.001415754865707182,0.01687417109867588
omelette,45.0,42.0,0.003961568234597696,0.006803262533921559,0.0011708515329304978,0.01587021776925169
blanc,100.0,231.0,0.015072173398296982,0.00706814969788545,0.0012359469367364904,0.014634506603207365
pane,38.0,31.0,0.003141933427439552,0.006006170553403009,0.0010305364962136518,0.014399682195038765
oeuf,43.0,45.0,0.004007103501662037,0.006216311562652581,0.0010722507720115077,0.014243979307557842
beurre,70.0,141.0,0.009607941350576021,0.006158160317436254,0.0010763962647208172,0.01293384921668058
rapees,55.0,93.0,0.006739219525522517,0.005878593964735776,0.0010245765875549339,0.012587997871416231
courgette,35.0,34.0,0.003141933427439552,0.005213458265261603,0.0008977787457584592,0.012153472114844723
legumes,78.0,179.0,0.011702563635535722,0.005582158577110141,0.0009797141351148755,0.011627348583664796
creme,88.0,230.0,0.014480214926460544,0.004657490007924354,0.0008228179708301882,0.00967145564888458
citron,37.0,63.0,0.004553526706434133,0.003929173636273287,0.0006887100845824154,0.008512362768524993
kiwi,32.0,48.0,0.0036428213651473066,0.003777508739531753,0.0006598520156916171,0.008325045882910366
tortilla,19.0,12.0,0.0014115932789945814,0.003207751670479646,0.0005431235122246312,0.008229554815083896
basmati,23.0,22.0,0.00204908701789536,0.0034460358128889533,0.0005928764854644081,0.008167627546258912
belle,20.0,15.0,0.0015937343472519467,0.003238084649827953,0.0005518562878384592,0.008038341271163764
nantes,20.0,15.0,0.0015937343472519467,0.003238084649827953,0.0005518562878384592,0.008038341271163764
mais,34.0,59.0,0.004234779836983744,0.003545794135688164,0.0006230193473428279,0.007696157096979511
camembert,40.0,80.0,0.00546423204772096,0.003552363674253883,0.0006270980875431515,0.007597409272850419
taboule,22.0,24.0,0.002094622284959701,0.003123322271000444,0.000540130338407291,0.007272370453289385
plateau,10.0,1.0,0.0005008879377077546,0.0019991370562162394,0.000312981054161132,0.007049043111668254
pomme,122.0,373.0,0.02253995719684896,0.0032912906929371197,0.0005901752290150987,0.00687358442023405
terre,40.0,87.0,0.0057829789171713495,0.0031430308866975997,0.0005582197326086501,0.006708084812880398
demi,34.0,67.0,0.004599061973498474,0.00307798523562384,0.0005450092053327252,0.006633734977988458
betterave,40.0,88.0,0.005828514184235691,0.0030845547741895595,0.0005483653674170263,0.00658288444152411
perray,12.0,5.0,0.0007740995400938027,0.0021767552399289333,0.0003583377433865735,0.006142969408228064
vapeur,16.0,15.0,0.0014115932789945814,0.002415039382338241,0.00041479685049785096,0.005843291371816708
tarte,47.0,123.0,0.007740995400938026,0.002478220054515138,0.0004471846826901084,0.005286170010508762
rissolee,15.0,17.0,0.0014571285460589227,0.0020923258404497314,0.0003632429668760713,0.00495142318657763
ratatouille,28.0,63.0,0.004143709302855061,0.0020773217844214345,0.0003751157449180778,0.004525406232900387
chanteneige,23.0,46.0,0.003141933427439552,0.002042609112695982,0.00036674774393768994,0.00450077092462907
poivrons,9.0,5.0,0.0006374937389007786,0.0015594712893116495,0.00025735533122090137,0.004258121596321706
crustace,9.0,5.0,0.0006374937389007786,0.0015594712893116495,0.00025735533122090137,0.004258121596321706
salade,160.0,529.0,0.03137379900733118,0.001987947182835074,0.0003668933795108828,0.00425201723160719
plat,11.0,10.0,0.000956240608351168,0.001678613360516303,0.00028729076009943803,0.004184100089010741
nombres,5.0,0.0,0.00022767633532170666,0.00102880658436214,0.00014476605327857524,0.003941650247719408
maison,20.0,43.0,0.002868721825053504,0.00160075349960282,0.0002919656702375177,0.003570925493481816
chili,12.0,18.0,0.00136605801193024,0.0014165657773244074,0.00025265051964933446,0.0033241678909530946
sojasun,5.0,1.0,0.000273211602386048,0.0009703304718540996,0.00014444659225007088,0.0031835151366693465
indien,5.0,1.0,0.000273211602386048,0.0009703304718540996,0.00014444659225007088,0.0031835151366693465
puree,32.0,89.0,0.005509767314785302,0.0013799881267020937,0.00025891104614042076,0.0030666372134469403
poire,24.0,61.0,0.003870497700469013,0.001371228741947803,0.0002556654310843055,0.003064469132119827
parmentier,26.0,68.0,0.004280315104048085,0.001373418588136376,0.00025659890689523726,0.003063583785427212
edam,21.0,51.0,0.003278539228632576,0.0013387059164109236,0.00024915553728204945,0.003007979735884664
saison,16.0,34.0,0.0022767633532170665,0.0013039932446854718,0.0002404755680305497,0.00296917637884136
sucre,9.0,11.0,0.0009107053412868266,0.0012086146142634068,0.00021241660818064356,0.002966608709817389
frais,18.0,41.0,0.002686580756796139,0.0013061830908740447,0.00024225976514269097,0.00295634348629899
gouda,18.0,42.0,0.00273211602386048,0.0012477069783660044,0.00023264026675614118,0.002832393061061336
eclair,20.0,49.0,0.003141933427439552,0.0012498968245545773,0.0002339899934824976,0.0028268405689014444
normande,13.0,25.0,0.0017303401484449706,0.0012129943066405522,0.000222692358205794,0.0028103572778554833
marmite,6.0,4.0,0.0004553526706434133,0.001000663451202406,0.00016485220864288262,0.0027614189542346625
locaux,5.0,2.0,0.0003187468694503893,0.0009118543593460591,0.00014195878517088358,0.0027498030412214606
surgele,11.0,19.0,0.00136605801193024,0.0011523283479439388,0.00020996120677651447,0.0027171380683204973
dur,10.0,16.0,0.0011839169436728746,0.0011219953685956325,0.00020310775320047097,0.0026783605710583892
gratin,26.0,72.0,0.00446245617230545,0.0011395141381042142,0.00021731537737787495,0.0025848436527699933
dhal,6.0,5.0,0.0005008879377077546,0.0009421873386943656,0.0001588616887125921,0.002528178832124968
poireaux,6.0,5.0,0.0005008879377077546,0.0009421873386943656,0.0001588616887125921,0.002528178832124968
cube,6.0,5.0,0.0005008879377077546,0.0009421873386943656,0.0001588616887125921,0.002528178832124968
classe,4.0,1.0,0.00022767633532170666,0.0007645691549816715,0.00011224086251833145,0.0024900383869642054
sarrasin,4.0,1.0,0.00022767633532170666,0.0007645691549816715,0.00011224086251833145,0.0024900383869642054
tome,7.0,8.0,0.00068302900596512,0.0009725203180426722,0.0001702701407231584,0.002475711593288815
conventionnel,5.0,3.0,0.0003642821365147307,0.0008533782468380186,0.00013795313585621824,0.002441574538734638
tofu,5.0,3.0,0.0003642821365147307,0.0008533782468380186,0.00013795313585621824,0.002441574538734638
nuggets,9.0,15.0,0.001092846409544192,0.000974710164231245,0.00017847710397452112,0.0023573155073115465
autre,3.0,0.0,0.000136605801193024,0.0006172839506172839,7.905358618468665e-05,0.002329915972675211
ble,17.0,43.0,0.00273211602386048,0.0009834695489855357,0.00018857387927452058,0.0022839504798798952
fraise,16.0,40.0,0.0025499749556031144,0.0009531365696372291,0.0001830934301360201,0.0022245658069255402
carre,6.0,7.0,0.0005919584718364373,0.0008252351136782846,0.00014524604952149633,0.002144539820965767
ccas,10.0,20.0,0.00136605801193024,0.0008880909185634707,0.00016727189390369445,0.0021331894458771336
composee,4.0,2.0,0.000273211602386048,0.000706093042473631,0.00011029514195181489,0.002129060798160853
prune,7.0,11.0,0.000819634807158144,0.0007970919805185509,0.00014646759424486228,0.002000477506672564
brebis,5.0,5.0,0.0004553526706434133,0.0007364260218219377,0.00012690615275593147,0.00199346301710698
fruit,19.0,53.0,0.003278539228632576,0.0008102310576499874,0.00016054636894062847,0.0019235260782205315
anjou,4.0,3.0,0.0003187468694503893,0.0006476169299655905,0.00010654246634306255,0.001869341579024367
perles,4.0,3.0,0.0003187468694503893,0.0006476169299655905,0.00010654246634306255,0.001869341579024367
colin,3.0,1.0,0.00018214106825736534,0.0005588078381092435,8.111930581193348e-05,0.0018332020274809738
broco,3.0,1.0,0.00018214106825736534,0.0005588078381092435,8.111930581193348e-05,0.0018332020274809738
speculoos,3.0,1.0,0.00018214106825736534,0.0005588078381092435,8.111930581193348e-05,0.0018332020274809738
minimum,3.0,1.0,0.00018214106825736534,0.0005588078381092435,8.111930581193348e-05,0.0018332020274809738
service,3.0,1.0,0.00018214106825736534,0.0005588078381092435,8.111930581193348e-05,0.0018332020274809738
peche,6.0,9.0,0.00068302900596512,0.0007082828886622037,0.00013009196390168076,0.0018242722463198855
palet,7.0,13.0,0.0009107053412868266,0.0006801397555024699,0.0001296252135182048,0.0017203240877080622
fleur,17.0,48.0,0.0029597923591821867,0.0006910889864453333,0.00014016190981916817,0.0016835311398179522
sce,4.0,4.0,0.0003642821365147307,0.00058914081745755,0.00010152492220474518,0.0016612191809224834
vinaigrette,5.0,7.0,0.000546423204772096,0.0006194737968058567,0.00011325715439482519,0.001650967341636269
mac,2.0,0.0,9.107053412868267e-05,0.00041152263374485596,4.8148864083356964e-05,0.0015917575683346732
caraibes,2.0,0.0,9.107053412868267e-05,0.00041152263374485596,4.8148864083356964e-05,0.0015917575683346732
armoricaine,2.0,0.0,9.107053412868267e-05,0.00041152263374485596,4.8148864083356964e-05,0.0015917575683346732
lapin,2.0,0.0,9.107053412868267e-05,0.00041152263374485596,4.8148864083356964e-05,0.0015917575683346732
rable,2.0,0.0,9.107053412868267e-05,0.00041152263374485596,4.8148864083356964e-05,0.0015917575683346732
reparti,2.0,0.0,9.107053412868267e-05,0.00041152263374485596,4.8148864083356964e-05,0.0015917575683346732
western,2.0,0.0,9.107053412868267e-05,0.00041152263374485596,4.8148864083356964e-05,0.0015917575683346732
cain,2.0,0.0,9.107053412868267e-05,0.00041152263374485596,4.8148864083356964e-05,0.0015917575683346732
halieutis,2.0,0.0,9.107053412868267e-05,0.00041152263374485596,4.8148864083356964e-05,0.0015917575683346732
tzatziki,2.0,0.0,9.107053412868267e-05,0.00041152263374485596,4.8148864083356964e-05,0.0015917575683346732
mousseline,2.0,0.0,9.107053412868267e-05,0.00041152263374485596,4.8148864083356964e-05,0.0015917575683346732
mimolette,31.0,98.0,0.005874049451300032,0.0006479417972573018,0.00013494695361601172,0.001588570543452505
cassolette,3.0,2.0,0.00022767633532170666,0.000500331725601203,7.971567175808764e-05,0.0015425721129231453
printaniere,3.0,2.0,0.00022767633532170666,0.000500331725601203,7.971567175808764e-05,0.0015425721129231453
reine,5.0,8.0,0.0005919584718364373,0.0005609976842978163,0.0001057821513990672,0.0015003581300044228
claude,5.0,8.0,0.0005919584718364373,0.0005609976842978163,0.0001057821513990672,0.0015003581300044228
rave,4.0,5.0,0.000409817403579072,0.0005306647049495096,9.55874736812896e-05,0.0014833043549086944
vache,4.0,5.0,0.000409817403579072,0.0005306647049495096,9.55874736812896e-05,0.0014833043549086944
brocoli,26.0,82.0,0.0049178088429488636,0.0005547530130238093,0.00011878056246798554,0.0014027612601888555
crepe,18.0,54.0,0.003278539228632576,0.0005459936282695187,0.00011624178476991789,0.0013884725325953072
mayonnaise,10.0,26.0,0.001639269614316288,0.0005372342435152279,0.00011175275743371378,0.0013822725155471548
tagliatelles,5.0,9.0,0.0006374937389007786,0.0005025215717897758,9.798189649570674e-05,0.0013585690341602486
douceur,7.0,16.0,0.0010473111424798506,0.0005047114179783485,0.0001033681456922693,0.00133033811241585
coco,3.0,3.0,0.000273211602386048,0.0004418556130931625,7.614369165355888e-05,0.0013289753447379869
gervais,4.0,6.0,0.0004553526706434133,0.0004721885924414691,8.896009686898038e-05,0.0013245694874871533
champanet,4.0,6.0,0.0004553526706434133,0.0004721885924414691,8.896009686898038e-05,0.0013245694874871533
batonniere,5.0,10.0,0.00068302900596512,0.00044404545928173537,8.991378708020313e-05,0.0012233259448499003
rois,5.0,10.0,0.00068302900596512,0.00044404545928173537,8.991378708020313e-05,0.0012233259448499003
mouclade,2.0,1.0,0.000136605801193024,0.0003530465212368155,5.173242594608184e-05,0.001220787269367319
dieppoise,2.0,1.0,0.000136605801193024,0.0003530465212368155,5.173242594608184e-05,0.001220787269367319
planete,2.0,1.0,0.000136605801193024,0.0003530465212368155,5.173242594608184e-05,0.001220787269367319
huile,2.0,1.0,0.000136605801193024,0.0003530465212368155,5.173242594608184e-05,0.001220787269367319
besson,2.0,1.0,0.000136605801193024,0.0003530465212368155,5.173242594608184e-05,0.001220787269367319
nectarine,9.0,24.0,0.001502663813123264,0.0004484251516588807,9.679091556816016e-05,0.001201614001568536
terrine,3.0,4.0,0.0003187468694503893,0.00038337950058512206,7.11261475152415e-05,0.001153701329068802
port,3.0,4.0,0.0003187468694503893,0.00038337950058512206,7.11261475152415e-05,0.001153701329068802
salut,3.0,4.0,0.0003187468694503893,0.00038337950058512206,7.11261475152415e-05,0.001153701329068802
danette,3.0,4.0,0.0003187468694503893,0.00038337950058512206,7.11261475152415e-05,0.001153701329068802
bechamel,6.0,14.0,0.0009107053412868266,0.00041590232612200137,8.822951618698538e-05,0.0011483422893096623
celeri,10.0,28.0,0.0017303401484449706,0.000420282018499147,9.291684707242128e-05,0.001141515980794084
vgte,5.0,11.0,0.0007285642730294614,0.00038556934677369493,8.162246557124681e-05,0.0010930013422546967
vegetal,9.0,25.0,0.0015481990801876054,0.00038994903915084023,8.7436679328477e-05,0.0010812908033405234
remoulade,9.0,25.0,0.0015481990801876054,0.00038994903915084023,8.7436679328477e-05,0.0010812908033405234
nicois,6.0,15.0,0.000956240608351168,0.00035742621361396093,7.941236697961891e-05,0.0010240285936689492
napoli,8.0,22.0,0.00136605801193024,0.0003596160598025337,8.189326815805446e-05,0.0010211945951424035
steak,3.0,5.0,0.0003642821365147307,0.0003249033880770816,6.509670855327213e-05,0.001000238753336282
clafoutis,3.0,5.0,0.0003642821365147307,0.0003249033880770816,6.509670855327213e-05,0.001000238753336282
grands,2.0,2.0,0.00018214106825736534,0.000294570408728775,5.076246110237259e-05,0.00099673150855349
menages,2.0,2.0,0.00018214106825736534,0.000294570408728775,5.076246110237259e-05,0.00099673150855349
veloute,2.0,2.0,0.00018214106825736534,0.000294570408728775,5.076246110237259e-05,0.00099673150855349
aiguillettes,2.0,2.0,0.00018214106825736534,0.000294570408728775,5.076246110237259e-05,0.00099673150855349
sombrero,2.0,2.0,0.00018214106825736534,0.000294570408728775,5.076246110237259e-05,0.00099673150855349
produit,1.0,0.0,4.5535267064341335e-05,0.00020576131687242798,2.027982645298337e-05,0.0009166010137404869
alaska,1.0,0.0,4.5535267064341335e-05,0.00020576131687242798,2.027982645298337e-05,0.0009166010137404869
galets,1.0,0.0,4.5535267064341335e-05,0.00020576131687242798,2.027982645298337e-05,0.0009166010137404869
boncolac,1.0,0.0,4.5535267064341335e-05,0.00020576131687242798,2.027982645298337e-05,0.0009166010137404869
comexo,1.0,0.0,4.5535267064341335e-05,0.00020576131687242798,2.027982645298337e-05,0.0009166010137404869
knoor,1.0,0.0,4.5535267064341335e-05,0.00020576131687242798,2.027982645298337e-05,0.0009166010137404869
fge,1.0,0.0,4.5535267064341335e-05,0.00020576131687242798,2.027982645298337e-05,0.0009166010137404869
antiboise,1.0,0.0,4.5535267064341335e-05,0.00020576131687242798,2.027982645298337e-05,0.0009166010137404869
persil,1.0,0.0,4.5535267064341335e-05,0.00020576131687242798,2.027982645298337e-05,0.0009166010137404869
apero,1.0,0.0,4.5535267064341335e-05,0.00020576131687242798,2.027982645298337e-05,0.0009166010137404869
reinette,1.0,0.0,4.5535267064341335e-05,0.00020576131687242798,2.027982645298337e-05,0.0009166010137404869
calamar,1.0,0.0,4.5535267064341335e-05,0.00020576131687242798,2.027982645298337e-05,0.0009166010137404869
commercy,1.0,0.0,4.5535267064341335e-05,0.00020576131687242798,2.027982645298337e-05,0.0009166010137404869
journee,1.0,0.0,4.5535267064341335e-05,0.00020576131687242798,2.027982645298337e-05,0.0009166010137404869
soulie,1.0,0.0,4.5535267064341335e-05,0.00020576131687242798,2.027982645298337e-05,0.0009166010137404869
internationale,1.0,0.0,4.5535267064341335e-05,0.00020576131687242798,2.027982645298337e-05,0.0009166010137404869
lassi,1.0,0.0,4.5535267064341335e-05,0.00020576131687242798,2.027982645298337e-05,0.0009166010137404869
stick,1.0,0.0,4.5535267064341335e-05,0.00020576131687242798,2.027982645298337e-05,0.0009166010137404869
sud,1.0,0.0,4.5535267064341335e-05,0.00020576131687242798,2.027982645298337e-05,0.0009166010137404869
brunoiseetpoelee,1.0,0.0,4.5535267064341335e-05,0.00020576131687242798,2.027982645298337e-05,0.0009166010137404869
alice,1.0,0.0,4.5535267064341335e-05,0.00020576131687242798,2.027982645298337e-05,0.0009166010137404869
valencienne,1.0,0.0,4.5535267064341335e-05,0.00020576131687242798,2.027982645298337e-05,0.0009166010137404869
brouilles,1.0,0.0,4.5535267064341335e-05,0.00020576131687242798,2.027982645298337e-05,0.0009166010137404869
bleue,1.0,0.0,4.5535267064341335e-05,0.00020576131687242798,2.027982645298337e-05,0.0009166010137404869
mirabelles,1.0,0.0,4.5535267064341335e-05,0.00020576131687242798,2.027982645298337e-05,0.0009166010137404869
briochee,1.0,0.0,4.5535267064341335e-05,0.00020576131687242798,2.027982645298337e-05,0.0009166010137404869
chaud,1.0,0.0,4.5535267064341335e-05,0.00020576131687242798,2.027982645298337e-05,0.0009166010137404869
brissure,1.0,0.0,4.5535267064341335e-05,0.00020576131687242798,2.027982645298337e-05,0.0009166010137404869
samossa,1.0,0.0,4.5535267064341335e-05,0.00020576131687242798,2.027982645298337e-05,0.0009166010137404869
epiphanie,1.0,0.0,4.5535267064341335e-05,0.00020576131687242798,2.027982645298337e-05,0.0009166010137404869
pn,1.0,0.0,4.5535267064341335e-05,0.00020576131687242798,2.027982645298337e-05,0.0009166010137404869
meme,1.0,0.0,4.5535267064341335e-05,0.00020576131687242798,2.027982645298337e-05,0.0009166010137404869
laiterie,1.0,0.0,4.5535267064341335e-05,0.00020576131687242798,2.027982645298337e-05,0.0009166010137404869
association,1.0,0.0,4.5535267064341335e-05,0.00020576131687242798,2.027982645298337e-05,0.0009166010137404869
bricte,1.0,0.0,4.5535267064341335e-05,0.00020576131687242798,2.027982645298337e-05,0.0009166010137404869
peu,1.0,0.0,4.5535267064341335e-05,0.00020576131687242798,2.027982645298337e-05,0.0009166010137404869
naturdis,1.0,0.0,4.5535267064341335e-05,0.00020576131687242798,2.027982645298337e-05,0.0009166010137404869
persillees,1.0,0.0,4.5535267064341335e-05,0.00020576131687242798,2.027982645298337e-05,0.0009166010137404869
supreme,1.0,0.0,4.5535267064341335e-05,0.00020576131687242798,2.027982645298337e-05,0.0009166010137404869
thym,1.0,0.0,4.5535267064341335e-05,0.00020576131687242798,2.027982645298337e-05,0.0009166010137404869
on,1.0,0.0,4.5535267064341335e-05,0.00020576131687242798,2.027982645298337e-05,0.0009166010137404869
parisienne,1.0,0.0,4.5535267064341335e-05,0.00020576131687242798,2.027982645298337e-05,0.0009166010137404869
campagne,1.0,0.0,4.5535267064341335e-05,0.00020576131687242798,2.027982645298337e-05,0.0009166010137404869
arrondi,1.0,0.0,4.5535267064341335e-05,0.00020576131687242798,2.027982645298337e-05,0.0009166010137404869
antillais,1.0,0.0,4.5535267064341335e-05,0.00020576131687242798,2.027982645298337e-05,0.0009166010137404869
grammage,1.0,0.0,4.5535267064341335e-05,0.00020576131687242798,2.027982645298337e-05,0.0009166010137404869
sc,1.0,0.0,4.5535267064341335e-05,0.00020576131687242798,2.027982645298337e-05,0.0009166010137404869
ultra,1.0,0.0,4.5535267064341335e-05,0.00020576131687242798,2.027982645298337e-05,0.0009166010137404869
resistantes,1.0,0.0,4.5535267064341335e-05,0.00020576131687242798,2.027982645298337e-05,0.0009166010137404869
estivale,1.0,0.0,4.5535267064341335e-05,0.00020576131687242798,2.027982645298337e-05,0.0009166010137404869
panzani,1.0,0.0,4.5535267064341335e-05,0.00020576131687242798,2.027982645298337e-05,0.0009166010137404869
cabrey,1.0,0.0,4.5535267064341335e-05,0.00020576131687242798,2.027982645298337e-05,0.0009166010137404869
mignon,1.0,0.0,4.5535267064341335e-05,0.00020576131687242798,2.027982645298337e-05,0.0009166010137404869
samedi,1.0,0.0,4.5535267064341335e-05,0.00020576131687242798,2.027982645298337e-05,0.0009166010137404869
plus,1.0,0.0,4.5535267064341335e-05,0.00020576131687242798,2.027982645298337e-05,0.0009166010137404869
centre,1.0,0.0,4.5535267064341335e-05,0.00020576131687242798,2.027982645298337e-05,0.0009166010137404869
loisirs,1.0,0.0,4.5535267064341335e-05,0.00020576131687242798,2.027982645298337e-05,0.0009166010137404869
vichy,1.0,0.0,4.5535267064341335e-05,0.00020576131687242798,2.027982645298337e-05,0.0009166010137404869
boule,1.0,0.0,4.5535267064341335e-05,0.00020576131687242798,2.027982645298337e-05,0.0009166010137404869
aubergines,1.0,0.0,4.5535267064341335e-05,0.00020576131687242798,2.027982645298337e-05,0.0009166010137404869
cerise,8.0,23.0,0.0014115932789945814,0.00030113994729449303,7.259241922643727e-05,0.0009013735431327594
quinoa,3.0,6.0,0.000409817403579072,0.0002664272755690411,5.8331346083192155e-05,0.0008601620438540311
saumon,5.0,13.0,0.000819634807158144,0.00026861712175761394,6.450411352904786e-05,0.0008426171981657275
carnaval,7.0,20.0,0.0012294522107372159,0.0002708069679461867,6.707973762060452e-05,0.0008410720090354733
moines,2.0,3.0,0.00022767633532170666,0.00023609429622073455,4.719048099784383e-05,0.0008254836708181345
rizotto,2.0,3.0,0.00022767633532170666,0.00023609429622073455,4.719048099784383e-05,0.0008254836708181345
verdurette,2.0,3.0,0.00022767633532170666,0.00023609429622073455,4.719048099784383e-05,0.0008254836708181345
gouter,2.0,3.0,0.00022767633532170666,0.00023609429622073455,4.719048099784383e-05,0.0008254836708181345
noir,2.0,3.0,0.00022767633532170666,0.00023609429622073455,4.719048099784383e-05,0.0008254836708181345
chaussee,2.0,3.0,0.00022767633532170666,0.00023609429622073455,4.719048099784383e-05,0.0008254836708181345
potiron,4.0,10.0,0.0006374937389007786,0.00023828414240930729,5.813853781440807e-05,0.0007845342344323829
mixe,8.0,24.0,0.0014571285460589227,0.0002426638347864526,6.324591327570484e-05,0.0007823320569100077
curry,6.0,17.0,0.0010473111424798506,0.00024047398859787994,6.14756999930753e-05,0.000780906818276264
mozzarella,3.0,7.0,0.0004553526706434133,0.00020795116306100068,5.101404098202925e-05,0.0007286675615031312
rose,3.0,7.0,0.0004553526706434133,0.00020795116306100068,5.101404098202925e-05,0.0007286675615031312
tomme,28.0,95.0,0.005600837848913984,0.00020608618416413996,5.992113538900961e-05,0.0007033627882358894
chantilly,2.0,4.0,0.000273211602386048,0.00017761818371269408,4.199224135530289e-05,0.0006792845170801243
pilaf,2.0,4.0,0.000273211602386048,0.00017761818371269408,4.199224135530289e-05,0.0006792845170801243
abricot,2.0,4.0,0.000273211602386048,0.00017761818371269408,4.199224135530289e-05,0.0006792845170801243
feuillete,2.0,4.0,0.000273211602386048,0.00017761818371269408,4.199224135530289e-05,0.0006792845170801243
dos,2.0,4.0,0.000273211602386048,0.00017761818371269408,4.199224135530289e-05,0.0006792845170801243
gourmande,1.0,1.0,9.107053412868267e-05,0.0001472852043643875,2.5381230551186296e-05,0.0006644876723689934
barquette,1.0,1.0,9.107053412868267e-05,0.0001472852043643875,2.5381230551186296e-05,0.0006644876723689934
farballes,1.0,1.0,9.107053412868267e-05,0.0001472852043643875,2.5381230551186296e-05,0.0006644876723689934
pirudel,1.0,1.0,9.107053412868267e-05,0.0001472852043643875,2.5381230551186296e-05,0.0006644876723689934
monde,1.0,1.0,9.107053412868267e-05,0.0001472852043643875,2.5381230551186296e-05,0.0006644876723689934
milanette,1.0,1.0,9.107053412868267e-05,0.0001472852043643875,2.5381230551186296e-05,0.0006644876723689934
sandwich,1.0,1.0,9.107053412868267e-05,0.0001472852043643875,2.5381230551186296e-05,0.0006644876723689934
jardiniere,1.0,1.0,9.107053412868267e-05,0.0001472852043643875,2.5381230551186296e-05,0.0006644876723689934
chasselas,1.0,1.0,9.107053412868267e-05,0.0001472852043643875,2.5381230551186296e-05,0.0006644876723689934
legumineuses,1.0,1.0,9.107053412868267e-05,0.0001472852043643875,2.5381230551186296e-05,0.0006644876723689934
quatre,1.0,1.0,9.107053412868267e-05,0.0001472852043643875,2.5381230551186296e-05,0.0006644876723689934
herbes,1.0,1.0,9.107053412868267e-05,0.0001472852043643875,2.5381230551186296e-05,0.0006644876723689934
tit,1.0,1.0,9.107053412868267e-05,0.0001472852043643875,2.5381230551186296e-05,0.0006644876723689934
carbonara,1.0,1.0,9.107053412868267e-05,0.0001472852043643875,2.5381230551186296e-05,0.0006644876723689934
cite,1.0,1.0,9.107053412868267e-05,0.0001472852043643875,2.5381230551186296e-05,0.0006644876723689934
peard,1.0,1.0,9.107053412868267e-05,0.0001472852043643875,2.5381230551186296e-05,0.0006644876723689934
galantine,1.0,1.0,9.107053412868267e-05,0.0001472852043643875,2.5381230551186296e-05,0.0006644876723689934
tempura,1.0,1.0,9.107053412868267e-05,0.0001472852043643875,2.5381230551186296e-05,0.0006644876723689934
craquant,1.0,1.0,9.107053412868267e-05,0.0001472852043643875,2.5381230551186296e-05,0.0006644876723689934
par,1.0,1.0,9.107053412868267e-05,0.0001472852043643875,2.5381230551186296e-05,0.0006644876723689934
ciboulette,1.0,1.0,9.107053412868267e-05,0.0001472852043643875,2.5381230551186296e-05,0.0006644876723689934
cantonais,1.0,1.0,9.107053412868267e-05,0.0001472852043643875,2.5381230551186296e-05,0.0006644876723689934
mediterraneenne,1.0,1.0,9.107053412868267e-05,0.0001472852043643875,2.5381230551186296e-05,0.0006644876723689934
chips,3.0,8.0,0.0005008879377077546,0.0001494750505529602,4.32721646261872e-05,0.0006028015457955743
mouillotin,3.0,8.0,0.0005008879377077546,0.0001494750505529602,4.32721646261872e-05,0.0006028015457955743
emmental,5.0,15.0,0.0009107053412868266,0.00015166489674153306,4.683381885576598e-05,0.0006009156954218398
tortis,2.0,5.0,0.0003187468694503893,0.00011914207120465364,3.5709828687420476e-05,0.0005465006711273484
nem,2.0,5.0,0.0003187468694503893,0.00011914207120465364,3.5709828687420476e-05,0.0005465006711273484
nature,2.0,5.0,0.0003187468694503893,0.00011914207120465364,3.5709828687420476e-05,0.0005465006711273484
pour,2.0,5.0,0.0003187468694503893,0.00011914207120465364,3.5709828687420476e-05,0.0005465006711273484
pot,2.0,5.0,0.0003187468694503893,0.00011914207120465364,3.5709828687420476e-05,0.0005465006711273484
completes,2.0,5.0,0.0003187468694503893,0.00011914207120465364,3.5709828687420476e-05,0.0005465006711273484
cl,2.0,5.0,0.0003187468694503893,0.00011914207120465364,3.5709828687420476e-05,0.0005465006711273484
feu,2.0,5.0,0.0003187468694503893,0.00011914207120465364,3.5709828687420476e-05,0.0005465006711273484
semi,2.0,5.0,0.0003187468694503893,0.00011914207120465364,3.5709828687420476e-05,0.0005465006711273484
bricet,2.0,5.0,0.0003187468694503893,0.00011914207120465364,3.5709828687420476e-05,0.0005465006711273484
le,4.0,12.0,0.0007285642730294614,0.0001213319173932263,4.1146672625165644e-05,0.0005406454016702617
fermee,1.0,2.0,0.000136605801193024,8.880909185634704e-05,2.4411265707477048e-05,0.000500119376668141
mangue,1.0,2.0,0.000136605801193024,8.880909185634704e-05,2.4411265707477048e-05,0.000500119376668141
moelleux,1.0,2.0,0.000136605801193024,8.880909185634704e-05,2.4411265707477048e-05,0.000500119376668141
pere,1.0,2.0,0.000136605801193024,8.880909185634704e-05,2.4411265707477048e-05,0.000500119376668141
polo,1.0,2.0,0.000136605801193024,8.880909185634704e-05,2.4411265707477048e-05,0.000500119376668141
duo,1.0,2.0,0.000136605801193024,8.880909185634704e-05,2.4411265707477048e-05,0.000500119376668141
marco,1.0,2.0,0.000136605801193024,8.880909185634704e-05,2.4411265707477048e-05,0.000500119376668141
melange,1.0,2.0,0.000136605801193024,8.880909185634704e-05,2.4411265707477048e-05,0.000500119376668141
facon,1.0,2.0,0.000136605801193024,8.880909185634704e-05,2.4411265707477048e-05,0.000500119376668141
muffin,1.0,2.0,0.000136605801193024,8.880909185634704e-05,2.4411265707477048e-05,0.000500119376668141
skin,1.0,2.0,0.000136605801193024,8.880909185634704e-05,2.4411265707477048e-05,0.000500119376668141
marine,1.0,2.0,0.000136605801193024,8.880909185634704e-05,2.4411265707477048e-05,0.000500119376668141
prevoir,1.0,2.0,0.000136605801193024,8.880909185634704e-05,2.4411265707477048e-05,0.000500119376668141
brasse,1.0,2.0,0.000136605801193024,8.880909185634704e-05,2.4411265707477048e-05,0.000500119376668141
palmier,1.0,2.0,0.000136605801193024,8.880909185634704e-05,2.4411265707477048e-05,0.000500119376668141
rustique,1.0,2.0,0.000136605801193024,8.880909185634704e-05,2.4411265707477048e-05,0.000500119376668141
pancake,1.0,2.0,0.000136605801193024,8.880909185634704e-05,2.4411265707477048e-05,0.000500119376668141
tipiak,1.0,2.0,0.000136605801193024,8.880909185634704e-05,2.4411265707477048e-05,0.000500119376668141
sourire,1.0,2.0,0.000136605801193024,8.880909185634704e-05,2.4411265707477048e-05,0.000500119376668141
pintade,1.0,2.0,0.000136605801193024,8.880909185634704e-05,2.4411265707477048e-05,0.000500119376668141
wok,1.0,2.0,0.000136605801193024,8.880909185634704e-05,2.4411265707477048e-05,0.000500119376668141
pers,1.0,2.0,0.000136605801193024,8.880909185634704e-05,2.4411265707477048e-05,0.000500119376668141
cheesecake,1.0,2.0,0.000136605801193024,8.880909185634704e-05,2.4411265707477048e-05,0.000500119376668141
erable,1.0,2.0,0.000136605801193024,8.880909185634704e-05,2.4411265707477048e-05,0.000500119376668141
avec,5.0,16.0,0.000956240608351168,9.318878423349251e-05,3.7836688355655064e-05,0.0004820362642283895
madeleine,3.0,9.0,0.000546423204772096,9.099893804491975e-05,3.519669657024005e-05,0.00048064560062741453
macedoine,4.0,13.0,0.0007740995400938027,6.285580488518585e-05,3.2401094926024984e-05,0.00042144627063787584
mayo,2.0,6.0,0.0003642821365147307,6.066595869661315e-05,2.866849490179905e-05,0.00042130859908286373
maxi,2.0,6.0,0.0003642821365147307,6.066595869661315e-05,2.866849490179905e-05,0.00042130859908286373
noix,7.0,24.0,0.0014115932789945814,3.6902517914024716e-05,2.9816865317510602e-05,0.0003677919393362658
safran,1.0,3.0,0.00018214106825736534,3.0332979348306573e-05,2.0405616392811702e-05,0.0003643337807515656
agneau,1.0,3.0,0.00018214106825736534,3.0332979348306573e-05,2.0405616392811702e-05,0.0003643337807515656
crumble,1.0,3.0,0.00018214106825736534,3.0332979348306573e-05,2.0405616392811702e-05,0.0003643337807515656
smile,1.0,3.0,0.00018214106825736534,3.0332979348306573e-05,2.0405616392811702e-05,0.0003643337807515656
chevretine,1.0,3.0,0.00018214106825736534,3.0332979348306573e-05,2.0405616392811702e-05,0.0003643337807515656
individuel,1.0,3.0,0.00018214106825736534,3.0332979348306573e-05,2.0405616392811702e-05,0.0003643337807515656
patissier,1.0,3.0,0.00018214106825736534,3.0332979348306573e-05,2.0405616392811702e-05,0.0003643337807515656
cuisine,5.0,17.0,0.0010017758754155093,3.4712671725452065e-05,2.874956720917193e-05,0.0003639929865289574
oeufs,4.0,14.0,0.000819634807158144,4.3796923771454105e-06,2.3522373171140672e-05,0.0003033274887741312
educalim,2.0,7.0,0.000409817403579072,2.1898461885727053e-06,2.1075218485094692e-05,0.0003004578477109199
po,2.0,7.0,0.000409817403579072,2.1898461885727053e-06,2.1075218485094692e-05,0.0003004578477109199
fondu,5.0,18.0,0.0010473111424798506,-2.3763440782588376e-05,1.958325429388123e-05,0.0002465144600891371
crevette,1.0,4.0,0.00022767633532170666,-2.8143133159733895e-05,1.4665290237600024e-05,0.00024032280031370727
nouvel,1.0,4.0,0.00022767633532170666,-2.8143133159733895e-05,1.4665290237600024e-05,0.00024032280031370727
an,1.0,4.0,0.00022767633532170666,-2.8143133159733895e-05,1.4665290237600024e-05,0.00024032280031370727
crepes,1.0,4.0,0.00022767633532170666,-2.8143133159733895e-05,1.4665290237600024e-05,0.00024032280031370727
burger,1.0,4.0,0.00022767633532170666,-2.8143133159733895e-05,1.4665290237600024e-05,0.00024032280031370727
sardine,1.0,4.0,0.00022767633532170666,-2.8143133159733895e-05,1.4665290237600024e-05,0.00024032280031370727
provencal,4.0,15.0,0.0008651700742224853,-5.409642013089503e-05,1.4529527939904602e-05,0.0001858886426409306
manchon,0.0,1.0,4.5535267064341335e-05,-5.847611250804047e-05,5.101404098202926e-06,0.0001821668903757828
bharlev,0.0,1.0,4.5535267064341335e-05,-5.847611250804047e-05,5.101404098202926e-06,0.0001821668903757828
ete,0.0,1.0,4.5535267064341335e-05,-5.847611250804047e-05,5.101404098202926e-06,0.0001821668903757828
voir,0.0,1.0,4.5535267064341335e-05,-5.847611250804047e-05,5.101404098202926e-06,0.0001821668903757828
automne,0.0,1.0,4.5535267064341335e-05,-5.847611250804047e-05,5.101404098202926e-06,0.0001821668903757828
fines,0.0,1.0,4.5535267064341335e-05,-5.847611250804047e-05,5.101404098202926e-06,0.0001821668903757828
prix,0.0,1.0,4.5535267064341335e-05,-5.847611250804047e-05,5.101404098202926e-06,0.0001821668903757828
tropiques,0.0,1.0,4.5535267064341335e-05,-5.847611250804047e-05,5.101404098202926e-06,0.0001821668903757828
gratuits,0.0,1.0,4.5535267064341335e-05,-5.847611250804047e-05,5.101404098202926e-06,0.0001821668903757828
tal,0.0,1.0,4.5535267064341335e-05,-5.847611250804047e-05,5.101404098202926e-06,0.0001821668903757828
californien,0.0,1.0,4.5535267064341335e-05,-5.847611250804047e-05,5.101404098202926e-06,0.0001821668903757828
pays,0.0,1.0,4.5535267064341335e-05,-5.847611250804047e-05,5.101404098202926e-06,0.0001821668903757828
carton,0.0,1.0,4.5535267064341335e-05,-5.847611250804047e-05,5.101404098202926e-06,0.0001821668903757828
classique,0.0,1.0,4.5535267064341335e-05,-5.847611250804047e-05,5.101404098202926e-06,0.0001821668903757828
sous,0.0,1.0,4.5535267064341335e-05,-5.847611250804047e-05,5.101404098202926e-06,0.0001821668903757828
ribot,0.0,1.0,4.5535267064341335e-05,-5.847611250804047e-05,5.101404098202926e-06,0.0001821668903757828
blinis,0.0,1.0,4.5535267064341335e-05,-5.847611250804047e-05,5.101404098202926e-06,0.0001821668903757828
tester,0.0,1.0,4.5535267064341335e-05,-5.847611250804047e-05,5.101404098202926e-06,0.0001821668903757828
logistique,0.0,1.0,4.5535267064341335e-05,-5.847611250804047e-05,5.101404098202926e-06,0.0001821668903757828
iqf,0.0,1.0,4.5535267064341335e-05,-5.847611250804047e-05,5.101404098202926e-06,0.0001821668903757828
epeautre,0.0,1.0,4.5535267064341335e-05,-5.847611250804047e-05,5.101404098202926e-06,0.0001821668903757828
ofd,0.0,1.0,4.5535267064341335e-05,-5.847611250804047e-05,5.101404098202926e-06,0.0001821668903757828
beurreprovencal,0.0,1.0,4.5535267064341335e-05,-5.847611250804047e-05,5.101404098202926e-06,0.0001821668903757828
pas,0.0,1.0,4.5535267064341335e-05,-5.847611250804047e-05,5.101404098202926e-06,0.0001821668903757828
loire,0.0,1.0,4.5535267064341335e-05,-5.847611250804047e-05,5.101404098202926e-06,0.0001821668903757828
allergies,0.0,1.0,4.5535267064341335e-05,-5.847611250804047e-05,5.101404098202926e-06,0.0001821668903757828
achetes,0.0,1.0,4.5535267064341335e-05,-5.847611250804047e-05,5.101404098202926e-06,0.0001821668903757828
meridionnale,0.0,1.0,4.5535267064341335e-05,-5.847611250804047e-05,5.101404098202926e-06,0.0001821668903757828
dindebigarrade,0.0,1.0,4.5535267064341335e-05,-5.847611250804047e-05,5.101404098202926e-06,0.0001821668903757828
galet,0.0,1.0,4.5535267064341335e-05,-5.847611250804047e-05,5.101404098202926e-06,0.0001821668903757828
toussaint,0.0,1.0,4.5535267064341335e-05,-5.847611250804047e-05,5.101404098202926e-06,0.0001821668903757828
roitelet,0.0,1.0,4.5535267064341335e-05,-5.847611250804047e-05,5.101404098202926e-06,0.0001821668903757828
nougat,0.0,1.0,4.5535267064341335e-05,-5.847611250804047e-05,5.101404098202926e-06,0.0001821668903757828
ppfruit,0.0,1.0,4.5535267064341335e-05,-5.847611250804047e-05,5.101404098202926e-06,0.0001821668903757828
jaunes,0.0,1.0,4.5535267064341335e-05,-5.847611250804047e-05,5.101404098202926e-06,0.0001821668903757828
emoticone,0.0,1.0,4.5535267064341335e-05,-5.847611250804047e-05,5.101404098202926e-06,0.0001821668903757828
goulasch,0.0,1.0,4.5535267064341335e-05,-5.847611250804047e-05,5.101404098202926e-06,0.0001821668903757828
ovoteam,0.0,1.0,4.5535267064341335e-05,-5.847611250804047e-05,5.101404098202926e-06,0.0001821668903757828
beziau,0.0,1.0,4.5535267064341335e-05,-5.847611250804047e-05,5.101404098202926e-06,0.0001821668903757828
cranberries,0.0,1.0,4.5535267064341335e-05,-5.847611250804047e-05,5.101404098202926e-06,0.0001821668903757828
aneth,0.0,1.0,4.5535267064341335e-05,-5.847611250804047e-05,5.101404098202926e-06,0.0001821668903757828
biscuiterie,0.0,1.0,4.5535267064341335e-05,-5.847611250804047e-05,5.101404098202926e-06,0.0001821668903757828
butternut,0.0,1.0,4.5535267064341335e-05,-5.847611250804047e-05,5.101404098202926e-06,0.0001821668903757828
pomona,0.0,1.0,4.5535267064341335e-05,-5.847611250804047e-05,5.101404098202926e-06,0.0001821668903757828
chapon,0.0,1.0,4.5535267064341335e-05,-5.847611250804047e-05,5.101404098202926e-06,0.0001821668903757828
kercadelac,0.0,1.0,4.5535267064341335e-05,-5.847611250804047e-05,5.101404098202926e-06,0.0001821668903757828
sel,0.0,1.0,4.5535267064341335e-05,-5.847611250804047e-05,5.101404098202926e-06,0.0001821668903757828
rigole,0.0,1.0,4.5535267064341335e-05,-5.847611250804047e-05,5.101404098202926e-06,0.0001821668903757828
saucecaramel,0.0,1.0,4.5535267064341335e-05,-5.847611250804047e-05,5.101404098202926e-06,0.0001821668903757828
qui,0.0,1.0,4.5535267064341335e-05,-5.847611250804047e-05,5.101404098202926e-06,0.0001821668903757828
ab,0.0,1.0,4.5535267064341335e-05,-5.847611250804047e-05,5.101404098202926e-06,0.0001821668903757828
cassoulet,0.0,1.0,4.5535267064341335e-05,-5.847611250804047e-05,5.101404098202926e-06,0.0001821668903757828
canette,0.0,1.0,4.5535267064341335e-05,-5.847611250804047e-05,5.101404098202926e-06,0.0001821668903757828
cafe,0.0,1.0,4.5535267064341335e-05,-5.847611250804047e-05,5.101404098202926e-06,0.0001821668903757828
soleane,0.0,1.0,4.5535267064341335e-05,-5.847611250804047e-05,5.101404098202926e-06,0.0001821668903757828
vendeenne,0.0,1.0,4.5535267064341335e-05,-5.847611250804047e-05,5.101404098202926e-06,0.0001821668903757828
envoye,0.0,1.0,4.5535267064341335e-05,-5.847611250804047e-05,5.101404098202926e-06,0.0001821668903757828
entremet,0.0,1.0,4.5535267064341335e-05,-5.847611250804047e-05,5.101404098202926e-06,0.0001821668903757828
marocaine,0.0,1.0,4.5535267064341335e-05,-5.847611250804047e-05,5.101404098202926e-06,0.0001821668903757828
ppms,0.0,1.0,4.5535267064341335e-05,-5.847611250804047e-05,5.101404098202926e-06,0.0001821668903757828
strasbourg,0.0,1.0,4.5535267064341335e-05,-5.847611250804047e-05,5.101404098202926e-06,0.0001821668903757828
quartiers,0.0,1.0,4.5535267064341335e-05,-5.847611250804047e-05,5.101404098202926e-06,0.0001821668903757828
conserve,0.0,1.0,4.5535267064341335e-05,-5.847611250804047e-05,5.101404098202926e-06,0.0001821668903757828
peau,0.0,1.0,4.5535267064341335e-05,-5.847611250804047e-05,5.101404098202926e-06,0.0001821668903757828
grecque,0.0,1.0,4.5535267064341335e-05,-5.847611250804047e-05,5.101404098202926e-06,0.0001821668903757828
goyave,0.0,1.0,4.5535267064341335e-05,-5.847611250804047e-05,5.101404098202926e-06,0.0001821668903757828
mesclun,0.0,1.0,4.5535267064341335e-05,-5.847611250804047e-05,5.101404098202926e-06,0.0001821668903757828
complement,0.0,1.0,4.5535267064341335e-05,-5.847611250804047e-05,5.101404098202926e-06,0.0001821668903757828
buguy,0.0,1.0,4.5535267064341335e-05,-5.847611250804047e-05,5.101404098202926e-06,0.0001821668903757828
mexicaine,0.0,1.0,4.5535267064341335e-05,-5.847611250804047e-05,5.101404098202926e-06,0.0001821668903757828
cake,0.0,1.0,4.5535267064341335e-05,-5.847611250804047e-05,5.101404098202926e-06,0.0001821668903757828
michel,0.0,1.0,4.5535267064341335e-05,-5.847611250804047e-05,5.101404098202926e-06,0.0001821668903757828
agores,0.0,1.0,4.5535267064341335e-05,-5.847611250804047e-05,5.101404098202926e-06,0.0001821668903757828
son,0.0,1.0,4.5535267064341335e-05,-5.847611250804047e-05,5.101404098202926e-06,0.0001821668903757828
gesiers,0.0,1.0,4.5535267064341335e-05,-5.847611250804047e-05,5.101404098202926e-06,0.0001821668903757828
campagnardes,0.0,1.0,4.5535267064341335e-05,-5.847611250804047e-05,5.101404098202926e-06,0.0001821668903757828
observation,0.0,1.0,4.5535267064341335e-05,-5.847611250804047e-05,5.101404098202926e-06,0.0001821668903757828
queues,0.0,1.0,4.5535267064341335e-05,-5.847611250804047e-05,5.101404098202926e-06,0.0001821668903757828
olives,0.0,1.0,4.5535267064341335e-05,-5.847611250804047e-05,5.101404098202926e-06,0.0001821668903757828
gelifie,0.0,1.0,4.5535267064341335e-05,-5.847611250804047e-05,5.101404098202926e-06,0.0001821668903757828
oignons,0.0,1.0,4.5535267064341335e-05,-5.847611250804047e-05,5.101404098202926e-06,0.0001821668903757828
from,0.0,1.0,4.5535267064341335e-05,-5.847611250804047e-05,5.101404098202926e-06,0.0001821668903757828
sechee,0.0,1.0,4.5535267064341335e-05,-5.847611250804047e-05,5.101404098202926e-06,0.0001821668903757828
canada,0.0,1.0,4.5535267064341335e-05,-5.847611250804047e-05,5.101404098202926e-06,0.0001821668903757828
st,0.0,1.0,4.5535267064341335e-05,-5.847611250804047e-05,5.101404098202926e-06,0.0001821668903757828
japonnais,0.0,1.0,4.5535267064341335e-05,-5.847611250804047e-05,5.101404098202926e-06,0.0001821668903757828
yuzu,0.0,1.0,4.5535267064341335e-05,-5.847611250804047e-05,5.101404098202926e-06,0.0001821668903757828
poches,0.0,1.0,4.5535267064341335e-05,-5.847611250804047e-05,5.101404098202926e-06,0.0001821668903757828
poupart,0.0,1.0,4.5535267064341335e-05,-5.847611250804047e-05,5.101404098202926e-06,0.0001821668903757828
cantadou,0.0,1.0,4.5535267064341335e-05,-5.847611250804047e-05,5.101404098202926e-06,0.0001821668903757828
muscat,0.0,1.0,4.5535267064341335e-05,-5.847611250804047e-05,5.101404098202926e-06,0.0001821668903757828
parfumee,0.0,1.0,4.5535267064341335e-05,-5.847611250804047e-05,5.101404098202926e-06,0.0001821668903757828
local,0.0,1.0,4.5535267064341335e-05,-5.847611250804047e-05,5.101404098202926e-06,0.0001821668903757828
leerdamer,0.0,1.0,4.5535267064341335e-05,-5.847611250804047e-05,5.101404098202926e-06,0.0001821668903757828
pomes,0.0,1.0,4.5535267064341335e-05,-5.847611250804047e-05,5.101404098202926e-06,0.0001821668903757828
bananex,0.0,1.0,4.5535267064341335e-05,-5.847611250804047e-05,5.101404098202926e-06,0.0001821668903757828
danone,0.0,1.0,4.5535267064341335e-05,-5.847611250804047e-05,5.101404098202926e-06,0.0001821668903757828
reape,0.0,1.0,4.5535267064341335e-05,-5.847611250804047e-05,5.101404098202926e-06,0.0001821668903757828
patates,0.0,1.0,4.5535267064341335e-05,-5.847611250804047e-05,5.101404098202926e-06,0.0001821668903757828
pin,0.0,1.0,4.5535267064341335e-05,-5.847611250804047e-05,5.101404098202926e-06,0.0001821668903757828
liberatoire,0.0,1.0,4.5535267064341335e-05,-5.847611250804047e-05,5.101404098202926e-06,0.0001821668903757828
idee,0.0,1.0,4.5535267064341335e-05,-5.847611250804047e-05,5.101404098202926e-06,0.0001821668903757828
mortadelle,0.0,1.0,4.5535267064341335e-05,-5.847611250804047e-05,5.101404098202926e-06,0.0001821668903757828
bioporc,0.0,1.0,4.5535267064341335e-05,-5.847611250804047e-05,5.101404098202926e-06,0.0001821668903757828
billes,0.0,1.0,4.5535267064341335e-05,-5.847611250804047e-05,5.101404098202926e-06,0.0001821668903757828
analyse,0.0,1.0,4.5535267064341335e-05,-5.847611250804047e-05,5.101404098202926e-06,0.0001821668903757828
brochette,0.0,1.0,4.5535267064341335e-05,-5.847611250804047e-05,5.101404098202926e-06,0.0001821668903757828
festif,0.0,1.0,4.5535267064341335e-05,-5.847611250804047e-05,5.101404098202926e-06,0.0001821668903757828
indes,0.0,1.0,4.5535267064341335e-05,-5.847611250804047e-05,5.101404098202926e-06,0.0001821668903757828
vide,0.0,1.0,4.5535267064341335e-05,-5.847611250804047e-05,5.101404098202926e-06,0.0001821668903757828
asiatique,0.0,1.0,4.5535267064341335e-05,-5.847611250804047e-05,5.101404098202926e-06,0.0001821668903757828
livree,0.0,1.0,4.5535267064341335e-05,-5.847611250804047e-05,5.101404098202926e-06,0.0001821668903757828
houmous,0.0,1.0,4.5535267064341335e-05,-5.847611250804047e-05,5.101404098202926e-06,0.0001821668903757828
saveur,0.0,1.0,4.5535267064341335e-05,-5.847611250804047e-05,5.101404098202926e-06,0.0001821668903757828
bresilienne,0.0,1.0,4.5535267064341335e-05,-5.847611250804047e-05,5.101404098202926e-06,0.0001821668903757828
miso,0.0,1.0,4.5535267064341335e-05,-5.847611250804047e-05,5.101404098202926e-06,0.0001821668903757828
garniture,0.0,1.0,4.5535267064341335e-05,-5.847611250804047e-05,5.101404098202926e-06,0.0001821668903757828
boire,0.0,1.0,4.5535267064341335e-05,-5.847611250804047e-05,5.101404098202926e-06,0.0001821668903757828
tresse,0.0,1.0,4.5535267064341335e-05,-5.847611250804047e-05,5.101404098202926e-06,0.0001821668903757828
manque,0.0,1.0,4.5535267064341335e-05,-5.847611250804047e-05,5.101404098202926e-06,0.0001821668903757828
remplacer,0.0,1.0,4.5535267064341335e-05,-5.847611250804047e-05,5.101404098202926e-06,0.0001821668903757828
si,0.0,1.0,4.5535267064341335e-05,-5.847611250804047e-05,5.101404098202926e-06,0.0001821668903757828
catel,0.0,1.0,4.5535267064341335e-05,-5.847611250804047e-05,5.101404098202926e-06,0.0001821668903757828
morceau,0.0,1.0,4.5535267064341335e-05,-5.847611250804047e-05,5.101404098202926e-06,0.0001821668903757828
chou,0.0,1.0,4.5535267064341335e-05,-5.847611250804047e-05,5.101404098202926e-06,0.0001821668903757828
livraison,0.0,1.0,4.5535267064341335e-05,-5.847611250804047e-05,5.101404098202926e-06,0.0001821668903757828
sot,0.0,1.0,4.5535267064341335e-05,-5.847611250804047e-05,5.101404098202926e-06,0.0001821668903757828
laisse,0.0,1.0,4.5535267064341335e-05,-5.847611250804047e-05,5.101404098202926e-06,0.0001821668903757828
pentecote,0.0,1.0,4.5535267064341335e-05,-5.847611250804047e-05,5.101404098202926e-06,0.0001821668903757828
entrammes,0.0,1.0,4.5535267064341335e-05,-5.847611250804047e-05,5.101404098202926e-06,0.0001821668903757828
navet,0.0,1.0,4.5535267064341335e-05,-5.847611250804047e-05,5.101404098202926e-06,0.0001821668903757828
roc,0.0,1.0,4.5535267064341335e-05,-5.847611250804047e-05,5.101404098202926e-06,0.0001821668903757828
certifie,0.0,1.0,4.5535267064341335e-05,-5.847611250804047e-05,5.101404098202926e-06,0.0001821668903757828
change,0.0,1.0,4.5535267064341335e-05,-5.847611250804047e-05,5.101404098202926e-06,0.0001821668903757828
pesee,0.0,1.0,4.5535267064341335e-05,-5.847611250804047e-05,5.101404098202926e-06,0.0001821668903757828
crabe,0.0,1.0,4.5535267064341335e-05,-5.847611250804047e-05,5.101404098202926e-06,0.0001821668903757828
terroir,0.0,1.0,4.5535267064341335e-05,-5.847611250804047e-05,5.101404098202926e-06,0.0001821668903757828
reprise,0.0,1.0,4.5535267064341335e-05,-5.847611250804047e-05,5.101404098202926e-06,0.0001821668903757828
ecrasee,0.0,1.0,4.5535267064341335e-05,-5.847611250804047e-05,5.101404098202926e-06,0.0001821668903757828
socopa,0.0,1.0,4.5535267064341335e-05,-5.847611250804047e-05,5.101404098202926e-06,0.0001821668903757828
pignons,0.0,1.0,4.5535267064341335e-05,-5.847611250804047e-05,5.101404098202926e-06,0.0001821668903757828
bouger,0.0,1.0,4.5535267064341335e-05,-5.847611250804047e-05,5.101404098202926e-06,0.0001821668903757828
monegasque,0.0,1.0,4.5535267064341335e-05,-5.847611250804047e-05,5.101404098202926e-06,0.0001821668903757828
briquette,0.0,1.0,4.5535267064341335e-05,-5.847611250804047e-05,5.101404098202926e-06,0.0001821668903757828
feidjoada,0.0,1.0,4.5535267064341335e-05,-5.847611250804047e-05,5.101404098202926e-06,0.0001821668903757828
encornets,0.0,1.0,4.5535267064341335e-05,-5.847611250804047e-05,5.101404098202926e-06,0.0001821668903757828
incertains,0.0,1.0,4.5535267064341335e-05,-5.847611250804047e-05,5.101404098202926e-06,0.0001821668903757828
effectifs,0.0,1.0,4.5535267064341335e-05,-5.847611250804047e-05,5.101404098202926e-06,0.0001821668903757828
rougail,0.0,1.0,4.5535267064341335e-05,-5.847611250804047e-05,5.101404098202926e-06,0.0001821668903757828
aromaitse,0.0,1.0,4.5535267064341335e-05,-5.847611250804047e-05,5.101404098202926e-06,0.0001821668903757828
nantais,0.0,1.0,4.5535267064341335e-05,-5.847611250804047e-05,5.101404098202926e-06,0.0001821668903757828
lychee,0.0,1.0,4.5535267064341335e-05,-5.847611250804047e-05,5.101404098202926e-06,0.0001821668903757828
cure,0.0,1.0,4.5535267064341335e-05,-5.847611250804047e-05,5.101404098202926e-06,0.0001821668903757828
sirf,0.0,1.0,4.5535267064341335e-05,-5.847611250804047e-05,5.101404098202926e-06,0.0001821668903757828
mettre,0.0,1.0,4.5535267064341335e-05,-5.847611250804047e-05,5.101404098202926e-06,0.0001821668903757828
cookie,0.0,1.0,4.5535267064341335e-05,-5.847611250804047e-05,5.101404098202926e-06,0.0001821668903757828
norvegienne,0.0,1.0,4.5535267064341335e-05,-5.847611250804047e-05,5.101404098202926e-06,0.0001821668903757828
dorade,0.0,1.0,4.5535267064341335e-05,-5.847611250804047e-05,5.101404098202926e-06,0.0001821668903757828
dosette,0.0,1.0,4.5535267064341335e-05,-5.847611250804047e-05,5.101404098202926e-06,0.0001821668903757828
barquettes,0.0,1.0,4.5535267064341335e-05,-5.847611250804047e-05,5.101404098202926e-06,0.0001821668903757828
senteurs,0.0,1.0,4.5535267064341335e-05,-5.847611250804047e-05,5.101404098202926e-06,0.0001821668903757828
boisees,0.0,1.0,4.5535267064341335e-05,-5.847611250804047e-05,5.101404098202926e-06,0.0001821668903757828
perigourdine,0.0,1.0,4.5535267064341335e-05,-5.847611250804047e-05,5.101404098202926e-06,0.0001821668903757828
truite,0.0,1.0,4.5535267064341335e-05,-5.847611250804047e-05,5.101404098202926e-06,0.0001821668903757828
blavet,0.0,1.0,4.5535267064341335e-05,-5.847611250804047e-05,5.101404098202926e-06,0.0001821668903757828
tomatesmaison,0.0,1.0,4.5535267064341335e-05,-5.847611250804047e-05,5.101404098202926e-06,0.0001821668903757828
saladette,0.0,1.0,4.5535267064341335e-05,-5.847611250804047e-05,5.101404098202926e-06,0.0001821668903757828
neige,0.0,1.0,4.5535267064341335e-05,-5.847611250804047e-05,5.101404098202926e-06,0.0001821668903757828
croquant,0.0,1.0,4.5535267064341335e-05,-5.847611250804047e-05,5.101404098202926e-06,0.0001821668903757828
dluo,0.0,1.0,4.5535267064341335e-05,-5.847611250804047e-05,5.101404098202926e-06,0.0001821668903757828
mousse,2.0,8.0,0.0004553526706434133,-5.628626631946779e-05,1.306798509507815e-05,0.0001819964932644787
grille,5.0,19.0,0.001092846409544192,-8.223955329062882e-05,1.0346887121568498e-05,0.00012938037346659387
cumin,3.0,12.0,0.00068302900596512,-8.442939947920169e-05,9.557433437247812e-06,0.00012527763571045474
pierre,1.0,5.0,0.000273211602386048,-8.661924566777434e-05,7.84079105704689e-06,0.00012133099550965252
baies,1.0,5.0,0.000273211602386048,-8.661924566777434e-05,7.84079105704689e-06,0.00012133099550965252
mini,1.0,5.0,0.000273211602386048,-8.661924566777434e-05,7.84079105704689e-06,0.00012133099550965252
exotique,1.0,5.0,0.000273211602386048,-8.661924566777434e-05,7.84079105704689e-06,0.00012133099550965252
mardi,1.0,5.0,0.000273211602386048,-8.661924566777434e-05,7.84079105704689e-06,0.00012133099550965252
poche,0.0,2.0,9.107053412868267e-05,-0.00011695222501608094,2.6135970190156304e-06,6.066549775482626e-05
davigel,0.0,2.0,9.107053412868267e-05,-0.00011695222501608094,2.6135970190156304e-06,6.066549775482626e-05
nectar,0.0,2.0,9.107053412868267e-05,-0.00011695222501608094,2.6135970190156304e-06,6.066549775482626e-05
multifruits,0.0,2.0,9.107053412868267e-05,-0.00011695222501608094,2.6135970190156304e-06,6.066549775482626e-05
litre,0.0,2.0,9.107053412868267e-05,-0.00011695222501608094,2.6135970190156304e-06,6.066549775482626e-05
breton,0.0,2.0,9.107053412868267e-05,-0.00011695222501608094,2.6135970190156304e-06,6.066549775482626e-05
bearnaise,0.0,2.0,9.107053412868267e-05,-0.00011695222501608094,2.6135970190156304e-06,6.066549775482626e-05
basse,0.0,2.0,9.107053412868267e-05,-0.00011695222501608094,2.6135970190156304e-06,6.066549775482626e-05
guacamole,0.0,2.0,9.107053412868267e-05,-0.00011695222501608094,2.6135970190156304e-06,6.066549775482626e-05
ses,0.0,2.0,9.107053412868267e-05,-0.00011695222501608094,2.6135970190156304e-06,6.066549775482626e-05
ascension,0.0,2.0,9.107053412868267e-05,-0.00011695222501608094,2.6135970190156304e-06,6.066549775482626e-05
test,0.0,2.0,9.107053412868267e-05,-0.00011695222501608094,2.6135970190156304e-06,6.066549775482626e-05
micro,0.0,2.0,9.107053412868267e-05,-0.00011695222501608094,2.6135970190156304e-06,6.066549775482626e-05
sapin,0.0,2.0,9.107053412868267e-05,-0.00011695222501608094,2.6135970190156304e-06,6.066549775482626e-05
coeur,0.0,2.0,9.107053412868267e-05,-0.00011695222501608094,2.6135970190156304e-06,6.066549775482626e-05
artichaut,0.0,2.0,9.107053412868267e-05,-0.00011695222501608094,2.6135970190156304e-06,6.066549775482626e-05
colombo,0.0,2.0,9.107053412868267e-05,-0.00011695222501608094,2.6135970190156304e-06,6.066549775482626e-05
assomption,0.0,2.0,9.107053412868267e-05,-0.00011695222501608094,2.6135970190156304e-06,6.066549775482626e-05
cap,0.0,2.0,9.107053412868267e-05,-0.00011695222501608094,2.6135970190156304e-06,6.066549775482626e-05
ardelice,0.0,2.0,9.107053412868267e-05,-0.00011695222501608094,2.6135970190156304e-06,6.066549775482626e-05
coupee,0.0,2.0,9.107053412868267e-05,-0.00011695222501608094,2.6135970190156304e-06,6.066549775482626e-05
bl,0.0,2.0,9.107053412868267e-05,-0.00011695222501608094,2.6135970190156304e-06,6.066549775482626e-05
palette,0.0,2.0,9.107053412868267e-05,-0.00011695222501608094,2.6135970190156304e-06,6.066549775482626e-05
croziflette,0.0,2.0,9.107053412868267e-05,-0.00011695222501608094,2.6135970190156304e-06,6.066549775482626e-05
expee,0.0,2.0,9.107053412868267e-05,-0.00011695222501608094,2.6135970190156304e-06,6.066549775482626e-05
ail,0.0,2.0,9.107053412868267e-05,-0.00011695222501608094,2.6135970190156304e-06,6.066549775482626e-05
manger,0.0,2.0,9.107053412868267e-05,-0.00011695222501608094,2.6135970190156304e-06,6.066549775482626e-05
temperature,0.0,2.0,9.107053412868267e-05,-0.00011695222501608094,2.6135970190156304e-06,6.066549775482626e-05
raclette,0.0,2.0,9.107053412868267e-05,-0.00011695222501608094,2.6135970190156304e-06,6.066549775482626e-05
chataigne,0.0,2.0,9.107053412868267e-05,-0.00011695222501608094,2.6135970190156304e-06,6.066549775482626e-05
choucroute,0.0,2.0,9.107053412868267e-05,-0.00011695222501608094,2.6135970190156304e-06,6.066549775482626e-05
egrene,0.0,2.0,9.107053412868267e-05,-0.00011695222501608094,2.6135970190156304e-06,6.066549775482626e-05
boudin,0.0,2.0,9.107053412868267e-05,-0.00011695222501608094,2.6135970190156304e-06,6.066549775482626e-05
melodie,0.0,2.0,9.107053412868267e-05,-0.00011695222501608094,2.6135970190156304e-06,6.066549775482626e-05
mets,0.0,2.0,9.107053412868267e-05,-0.00011695222501608094,2.6135970190156304e-06,6.066549775482626e-05
reserve,0.0,2.0,9.107053412868267e-05,-0.00011695222501608094,2.6135970190156304e-06,6.066549775482626e-05
direct,0.0,2.0,9.107053412868267e-05,-0.00011695222501608094,2.6135970190156304e-06,6.066549775482626e-05
gateaux,0.0,2.0,9.107053412868267e-05,-0.00011695222501608094,2.6135970190156304e-06,6.066549775482626e-05
wedg,0.0,2.0,9.107053412868267e-05,-0.00011695222501608094,2.6135970190156304e-06,6.066549775482626e-05
bolo,0.0,2.0,9.107053412868267e-05,-0.00011695222501608094,2.6135970190156304e-06,6.066549775482626e-05
tropezienne,0.0,2.0,9.107053412868267e-05,-0.00011695222501608094,2.6135970190156304e-06,6.066549775482626e-05
soupe,0.0,2.0,9.107053412868267e-05,-0.00011695222501608094,2.6135970190156304e-06,6.066549775482626e-05
ster,0.0,2.0,9.107053412868267e-05,-0.00011695222501608094,2.6135970190156304e-06,6.066549775482626e-05
vendredi,0.0,2.0,9.107053412868267e-05,-0.00011695222501608094,2.6135970190156304e-06,6.066549775482626e-05
braise,0.0,2.0,9.107053412868267e-05,-0.00011695222501608094,2.6135970190156304e-06,6.066549775482626e-05
brie,0.0,2.0,9.107053412868267e-05,-0.00011695222501608094,2.6135970190156304e-06,6.066549775482626e-05
coupes,0.0,2.0,9.107053412868267e-05,-0.00011695222501608094,2.6135970190156304e-06,6.066549775482626e-05
trois,0.0,2.0,9.107053412868267e-05,-0.00011695222501608094,2.6135970190156304e-06,6.066549775482626e-05
francfort,0.0,2.0,9.107053412868267e-05,-0.00011695222501608094,2.6135970190156304e-06,6.066549775482626e-05
repas,5.0,20.0,0.0011383816766085332,-0.00014071566579866926,1.0482494985694373e-06,1.2410616815733567e-05
bonduelle,1.0,6.0,0.0003187468694503893,-0.00014509535817581483,2.935098595994424e-07,4.136872271911326e-06
randonneur,1.0,6.0,0.0003187468694503893,-0.00014509535817581483,2.935098595994424e-07,4.136872271911326e-06
clot,1.0,6.0,0.0003187468694503893,-0.00014509535817581483,2.935098595994424e-07,4.136872271911326e-06
chinois,1.0,6.0,0.0003187468694503893,-0.00014509535817581483,2.935098595994424e-07,4.136872271911326e-06
bruxelles,0.0,3.0,0.000136605801193024,-0.0001754283375241214,-2.909894531127753e-06,-5.647841837604971e-05
navarin,0.0,3.0,0.000136605801193024,-0.0001754283375241214,-2.909894531127753e-06,-5.647841837604971e-05
paques,0.0,3.0,0.000136605801193024,-0.0001754283375241214,-2.909894531127753e-06,-5.647841837604971e-05
macaron,0.0,3.0,0.000136605801193024,-0.0001754283375241214,-2.909894531127753e-06,-5.647841837604971e-05
panache,0.0,3.0,0.000136605801193024,-0.0001754283375241214,-2.909894531127753e-06,-5.647841837604971e-05
boite,0.0,3.0,0.000136605801193024,-0.0001754283375241214,-2.909894531127753e-06,-5.647841837604971e-05
pomelos,0.0,3.0,0.000136605801193024,-0.0001754283375241214,-2.909894531127753e-06,-5.647841837604971e-05
marrons,0.0,3.0,0.000136605801193024,-0.0001754283375241214,-2.909894531127753e-06,-5.647841837604971e-05
chandeleur,0.0,3.0,0.000136605801193024,-0.0001754283375241214,-2.909894531127753e-06,-5.647841837604971e-05
becha,0.0,3.0,0.000136605801193024,-0.0001754283375241214,-2.909894531127753e-06,-5.647841837604971e-05
maquereau,0.0,3.0,0.000136605801193024,-0.0001754283375241214,-2.909894531127753e-06,-5.647841837604971e-05
oceane,0.0,3.0,0.000136605801193024,-0.0001754283375241214,-2.909894531127753e-06,-5.647841837604971e-05
litchi,0.0,3.0,0.000136605801193024,-0.0001754283375241214,-2.909894531127753e-06,-5.647841837604971e-05
rosette,0.0,3.0,0.000136605801193024,-0.0001754283375241214,-2.909894531127753e-06,-5.647841837604971e-05
stogonoff,0.0,3.0,0.000136605801193024,-0.0001754283375241214,-2.909894531127753e-06,-5.647841837604971e-05
avocat,0.0,3.0,0.000136605801193024,-0.0001754283375241214,-2.909894531127753e-06,-5.647841837604971e-05
bregeonnerie,0.0,3.0,0.000136605801193024,-0.0001754283375241214,-2.909894531127753e-06,-5.647841837604971e-05
barbecue,0.0,3.0,0.000136605801193024,-0.0001754283375241214,-2.909894531127753e-06,-5.647841837604971e-05
marbre,0.0,3.0,0.000136605801193024,-0.0001754283375241214,-2.909894531127753e-06,-5.647841837604971e-05
indiv,0.0,3.0,0.000136605801193024,-0.0001754283375241214,-2.909894531127753e-06,-5.647841837604971e-05
bigarade,0.0,3.0,0.000136605801193024,-0.0001754283375241214,-2.909894531127753e-06,-5.647841837604971e-05
corail,0.0,3.0,0.000136605801193024,-0.0001754283375241214,-2.909894531127753e-06,-5.647841837604971e-05
feta,0.0,3.0,0.000136605801193024,-0.0001754283375241214,-2.909894531127753e-06,-5.647841837604971e-05
perdu,0.0,3.0,0.000136605801193024,-0.0001754283375241214,-2.909894531127753e-06,-5.647841837604971e-05
tartihon,0.0,3.0,0.000136605801193024,-0.0001754283375241214,-2.909894531127753e-06,-5.647841837604971e-05
mercredi,0.0,3.0,0.000136605801193024,-0.0001754283375241214,-2.909894531127753e-06,-5.647841837604971e-05
pain,0.0,3.0,0.000136605801193024,-0.0001754283375241214,-2.909894531127753e-06,-5.647841837604971e-05
cantal,7.0,28.0,0.0015937343472519467,-0.00019700193211813705,-8.104428763576002e-06,-0.00010039864922370505
potatoes,3.0,14.0,0.0007740995400938027,-0.00020138162449528257,-8.340986131543573e-06,-0.00010870185435807002
pruneaux,1.0,7.0,0.0003642821365147307,-0.00020357147068385527,-7.759718749674008e-06,-0.00011295683675209942
graine,1.0,7.0,0.0003642821365147307,-0.00020357147068385527,-7.759718749674008e-06,-0.00011295683675209942
courge,1.0,7.0,0.0003642821365147307,-0.00020357147068385527,-7.759718749674008e-06,-0.00011295683675209942
tournesol,1.0,7.0,0.0003642821365147307,-0.00020357147068385527,-7.759718749674008e-06,-0.00011295683675209942
pyrenees,1.0,7.0,0.0003642821365147307,-0.00020357147068385527,-7.759718749674008e-06,-0.00011295683675209942
nique,1.0,7.0,0.0003642821365147307,-0.00020357147068385527,-7.759718749674008e-06,-0.00011295683675209942
pique,1.0,7.0,0.0003642821365147307,-0.00020357147068385527,-7.759718749674008e-06,-0.00011295683675209942
stock,2.0,11.0,0.0005919584718364373,-0.00023171460384358912,-1.2609542968220263e-05,-0.00016943525512814922
froid,2.0,11.0,0.0005919584718364373,-0.00023171460384358912,-1.2609542968220263e-05,-0.00016943525512814922
pro,0.0,4.0,0.00018214106825736534,-0.00023390445003216187,-9.951228316749186e-06,-0.00017512178754683713
dattes,0.0,4.0,0.00018214106825736534,-0.00023390445003216187,-9.951228316749186e-06,-0.00017512178754683713
smr,0.0,4.0,0.00018214106825736534,-0.00023390445003216187,-9.951228316749186e-06,-0.00017512178754683713
coupelle,0.0,4.0,0.00018214106825736534,-0.00023390445003216187,-9.951228316749186e-06,-0.00017512178754683713
grignottes,0.0,4.0,0.00018214106825736534,-0.00023390445003216187,-9.951228316749186e-06,-0.00017512178754683713
gratuit,0.0,4.0,0.00018214106825736534,-0.00023390445003216187,-9.951228316749186e-06,-0.00017512178754683713
chiches,0.0,4.0,0.00018214106825736534,-0.00023390445003216187,-9.951228316749186e-06,-0.00017512178754683713
falafels,0.0,4.0,0.00018214106825736534,-0.00023390445003216187,-9.951228316749186e-06,-0.00017512178754683713
gingembre,0.0,4.0,0.00018214106825736534,-0.00023390445003216187,-9.951228316749186e-06,-0.00017512178754683713
doux,0.0,4.0,0.00018214106825736534,-0.00023390445003216187,-9.951228316749186e-06,-0.00017512178754683713
miette,0.0,4.0,0.00018214106825736534,-0.00023390445003216187,-9.951228316749186e-06,-0.00017512178754683713
mouton,0.0,4.0,0.00018214106825736534,-0.00023390445003216187,-9.951228316749186e-06,-0.00017512178754683713
pepites,0.0,4.0,0.00018214106825736534,-0.00023390445003216187,-9.951228316749186e-06,-0.00017512178754683713
muroise,0.0,4.0,0.00018214106825736534,-0.00023390445003216187,-9.951228316749186e-06,-0.00017512178754683713
scolaire,0.0,4.0,0.00018214106825736534,-0.00023390445003216187,-9.951228316749186e-06,-0.00017512178754683713
fraiche,0.0,4.0,0.00018214106825736534,-0.00023390445003216187,-9.951228316749186e-06,-0.00017512178754683713
delice,0.0,4.0,0.00018214106825736534,-0.00023390445003216187,-9.951228316749186e-06,-0.00017512178754683713
jeudi,1.0,8.0,0.000409817403579072,-0.00026204758319189577,-1.6180909113002754e-05,-0.00023090021856844777
aucy,1.0,8.0,0.000409817403579072,-0.00026204758319189577,-1.6180909113002754e-05,-0.00023090021856844777
radis,22.0,82.0,0.004735667774691498,-0.00026829225446590305,-2.0459343798170642e-05,-0.00024478574918754487
ora,2.0,12.0,0.0006374937389007786,-0.00029019071635162967,-2.1548179548189255e-05,-0.00028717725439654333
rhubarbe,0.0,5.0,0.00022767633532170666,-0.0002923805625402023,-1.7859900522643782e-05,-0.0002971421132352514
auge,0.0,5.0,0.00022767633532170666,-0.0002923805625402023,-1.7859900522643782e-05,-0.0002971421132352514
aria,0.0,5.0,0.00022767633532170666,-0.0002923805625402023,-1.7859900522643782e-05,-0.0002971421132352514
fricasse,0.0,5.0,0.00022767633532170666,-0.0002923805625402023,-1.7859900522643782e-05,-0.0002971421132352514
ecole,0.0,5.0,0.00022767633532170666,-0.0002923805625402023,-1.7859900522643782e-05,-0.0002971421132352514
kidysalt,0.0,5.0,0.00022767633532170666,-0.0002923805625402023,-1.7859900522643782e-05,-0.0002971421132352514
vallee,0.0,5.0,0.00022767633532170666,-0.0002923805625402023,-1.7859900522643782e-05,-0.0002971421132352514
victoria,0.0,5.0,0.00022767633532170666,-0.0002923805625402023,-1.7859900522643782e-05,-0.0002971421132352514
president,0.0,5.0,0.00022767633532170666,-0.0002923805625402023,-1.7859900522643782e-05,-0.0002971421132352514
batonnet,1.0,9.0,0.0004553526706434133,-0.0003205236956999362,-2.4878070791872965e-05,-0.00035024357509367426
suisse,14.0,55.0,0.003141933427439552,-0.0003355277517282339,-3.152550742788708e-05,-0.00037837002252048683
lu,0.0,6.0,0.000273211602386048,-0.0003508566750482428,-2.6310659241209108e-05,-0.00042315884969932997
rondelles,0.0,6.0,0.000273211602386048,-0.0003508566750482428,-2.6310659241209108e-05,-0.00042315884969932997
amandes,0.0,6.0,0.000273211602386048,-0.0003508566750482428,-2.6310659241209108e-05,-0.00042315884969932997
sirop,5.0,24.0,0.0013205227448658985,-0.00037462011583083124,-3.664848204734829e-05,-0.0004564308506888624
poele,16.0,63.0,0.0035972860980829652,-0.00039181401804770167,-4.109847106702632e-05,-0.0004912485905604099
morbier,4.0,21.0,0.0011383816766085332,-0.0004049530951791378,-4.111403482026513e-05,-0.0005180327471858562
champignons,0.0,7.0,0.0003187468694503893,-0.00040933278755628325,-3.512280896822159e-05,-0.0005533160784084885
cuisse,0.0,7.0,0.0003187468694503893,-0.00040933278755628325,-3.512280896822159e-05,-0.0005533160784084885
pave,0.0,7.0,0.0003187468694503893,-0.00040933278755628325,-3.512280896822159e-05,-0.0005533160784084885
chipolata,0.0,7.0,0.0003187468694503893,-0.00040933278755628325,-3.512280896822159e-05,-0.0005533160784084885
lundi,0.0,7.0,0.0003187468694503893,-0.00040933278755628325,-3.512280896822159e-05,-0.0005533160784084885
confiture,0.0,7.0,0.0003187468694503893,-0.00040933278755628325,-3.512280896822159e-05,-0.0005533160784084885
panes,3.0,18.0,0.000956240608351168,-0.00043528607452744444,-4.5314668892272585e-05,-0.0005807454815093197
cornichon,1.0,11.0,0.000546423204772096,-0.0004374759207160171,-4.2863761254345076e-05,-0.0005942842264705028
viande,1.0,11.0,0.000546423204772096,-0.0004374759207160171,-4.2863761254345076e-05,-0.0005942842264705028
potage,13.0,54.0,0.0030508628933108694,-0.0004828129560926213,-5.6144563678343385e-05,-0.0006733572193586109
potimarron,0.0,8.0,0.0003642821365147307,-0.00046780890006432375,-4.418793240114708e-05,-0.0006875620496278247
agrumes,0.0,8.0,0.0003642821365147307,-0.00046780890006432375,-4.418793240114708e-05,-0.0006875620496278247
flageolet,0.0,8.0,0.0003642821365147307,-0.00046780890006432375,-4.418793240114708e-05,-0.0006875620496278247
farci,0.0,8.0,0.0003642821365147307,-0.00046780890006432375,-4.418793240114708e-05,-0.0006875620496278247
biscuit,5.0,26.0,0.0014115932789945814,-0.0004915723408469121,-5.573424250034282e-05,-0.0006927006557053432
moutarde,1.0,12.0,0.0005919584718364373,-0.0004959520332240576,-5.2073441090649426e-05,-0.0007192705583294638
abricots,12.0,51.0,0.002868721825053504,-0.0005131459354409279,-6.110778515368282e-05,-0.0007342194388886466
liegeois,4.0,23.0,0.0012294522107372159,-0.0005219053201952189,-6.0104973834969525e-05,-0.0007557845203205051
canard,2.0,16.0,0.000819634807158144,-0.0005240951663837915,-5.844110754467373e-05,-0.0007681237070466625
kebab,0.0,9.0,0.000409817403579072,-0.0005262850125723642,-5.343703671110021e-05,-0.0008257630181801767
anglaise,0.0,9.0,0.000409817403579072,-0.0005262850125723642,-5.343703671110021e-05,-0.0008257630181801767
epice,0.0,9.0,0.000409817403579072,-0.0005262850125723642,-5.343703671110021e-05,-0.0008257630181801767
knacks,0.0,9.0,0.000409817403579072,-0.0005262850125723642,-5.343703671110021e-05,-0.0008257630181801767
duchesse,0.0,9.0,0.000409817403579072,-0.0005262850125723642,-5.343703671110021e-05,-0.0008257630181801767
foie,1.0,13.0,0.0006374937389007786,-0.0005544281457320981,-6.139153822948791e-05,-0.0008463176993986599
collet,1.0,13.0,0.0006374937389007786,-0.0005544281457320981,-6.139153822948791e-05,-0.0008463176993986599
carne,1.0,13.0,0.0006374937389007786,-0.0005544281457320981,-6.139153822948791e-05,-0.0008463176993986599
con,1.0,13.0,0.0006374937389007786,-0.0005544281457320981,-6.139153822948791e-05,-0.0008463176993986599
fondant,2.0,17.0,0.0008651700742224853,-0.000582571278891832,-6.786762198604637e-05,-0.0008914263397057543
vermicelle,2.0,17.0,0.0008651700742224853,-0.000582571278891832,-6.786762198604637e-05,-0.0008914263397057543
noire,11.0,49.0,0.00273211602386048,-0.0006019550272972751,-7.582444561520337e-05,-0.0009128617013777248
crouton,7.0,35.0,0.001912481216702336,-0.0006063347196744201,-7.551090919401284e-05,-0.0009236008742737911
patate,0.0,10.0,0.0004553526706434133,-0.0005847611250804046,-6.282412667882408e-05,-0.0009677535785671743
basquaise,0.0,10.0,0.0004553526706434133,-0.0005847611250804046,-6.282412667882408e-05,-0.0009677535785671743
endive,6.0,32.0,0.0017303401484449706,-0.0006366676990227271,-8.011716777207585e-05,-0.0009864862010778002
aigre,2.0,18.0,0.0009107053412868266,-0.0006410473913998724,-7.735327313789219e-05,-0.0010160715797455093
miel,5.0,29.0,0.0015481990801876054,-0.0006670006783710335,-8.458544069236809e-05,-0.0010507307252810227
roule,6.0,33.0,0.001775875415509312,-0.0006951438115307676,-8.980547033420162e-05,-0.0011059323836716576
dijonnaise,1.0,15.0,0.0007285642730294614,-0.000671380370748179,-8.028070621307792e-05,-0.001106632156816977
tartiflette,0.0,11.0,0.0005008879377077546,-0.0006432372375884451,-7.231735946021771e-05,-0.0011133600031385492
mer,0.0,11.0,0.0005008879377077546,-0.0006432372375884451,-7.231735946021771e-05,-0.0011133600031385492
coquillette,0.0,11.0,0.0005008879377077546,-0.0006432372375884451,-7.231735946021771e-05,-0.0011133600031385492
bleu,0.0,11.0,0.0005008879377077546,-0.0006432372375884451,-7.231735946021771e-05,-0.0011133600031385492
cordon,0.0,11.0,0.0005008879377077546,-0.0006432372375884451,-7.231735946021771e-05,-0.0011133600031385492
marengo,0.0,11.0,0.0005008879377077546,-0.0006432372375884451,-7.231735946021771e-05,-0.0011133600031385492
paulin,15.0,65.0,0.0036428213651473066,-0.0007145275599362106,-9.536704781453184e-05,-0.001138691341336321
cereale,2.0,19.0,0.000956240608351168,-0.0006995235039079129,-8.68903475162364e-05,-0.0011420839761523101
lait,30.0,118.0,0.006739219525522517,-0.000727341769775936,-9.862666669881913e-05,-0.00116447292632855
dessert,20.0,83.0,0.004690132507627157,-0.0007382910007187986,-9.990637890205286e-05,-0.0011860467858970454
dauphinois,0.0,12.0,0.000546423204772096,-0.0007017133500964856,-8.189399016663764e-05,-0.0012624112296211578
sda,0.0,12.0,0.000546423204772096,-0.0007017133500964856,-8.189399016663764e-05,-0.0012624112296211578
vendee,0.0,12.0,0.000546423204772096,-0.0007017133500964856,-8.189399016663764e-05,-0.0012624112296211578
beignet,4.0,28.0,0.0014571285460589227,-0.0008142858827354211,-0.00010818097449593312,-0.0013621430109248256
cuit,0.0,13.0,0.0005919584718364373,-0.0007601894626045261,-9.153733921307858e-05,-0.0014147439019902282
chasseur,0.0,13.0,0.0005919584718364373,-0.0007601894626045261,-9.153733921307858e-05,-0.0014147439019902282
maraicher,0.0,13.0,0.0005919584718364373,-0.0007601894626045261,-9.153733921307858e-05,-0.0014147439019902282
thai,0.0,13.0,0.0005919584718364373,-0.0007601894626045261,-9.153733921307858e-05,-0.0014147439019902282
flan,14.0,64.0,0.003551750831018624,-0.0008618127643005981,-0.00012005414319705442,-0.0014358862719827167
framboise,1.0,19.0,0.0009107053412868266,-0.0009052848207803408,-0.00011874897046911158,-0.0016515260363603535
pa,2.0,23.0,0.0011383816766085332,-0.0009334279539400748,-0.00012543860345793424,-0.0016599482352254655
ananas,14.0,66.0,0.0036428213651473066,-0.000978764989316679,-0.00013979169860901122,-0.0016724878088020035
poivre,3.0,27.0,0.00136605801193024,-0.0009615710870998086,-0.00013155329620604555,-0.0016926353987973199
lardons,0.0,15.0,0.00068302900596512,-0.000877141687620607,-0.00011097709702718512,-0.0017286496917908773
paupiette,0.0,15.0,0.00068302900596512,-0.000877141687620607,-0.00011097709702718512,-0.0017286496917908773
clementine,11.0,56.0,0.0030508628933108694,-0.0010112878148535584,-0.00014457537218010778,-0.0017422364445279584
douce,2.0,25.0,0.0012294522107372159,-0.0010503801789561557,-0.00014489478147201892,-0.0019270991049360117
greve,0.0,17.0,0.0007740995400938027,-0.000994093912636688,-0.00013056722930424925,-0.0020539720363297225
ancenis,0.0,17.0,0.0007740995400938027,-0.000994093912636688,-0.00013056722930424925,-0.0020539720363297225
sec,2.0,26.0,0.0012749874778015572,-0.0011088562914641962,-0.00015465776340401475,-0.002062686148883474
compote,9.0,52.0,0.0027776512909248215,-0.0011889059985662523,-0.00017380108334570145,-0.00211331062746185
banane,25.0,109.0,0.006101725786621739,-0.001229863341565711,-0.00018381404599781984,-0.002174205120800354
cocktail,3.0,31.0,0.0015481990801876054,-0.0011954755371319705,-0.0001705965007027906,-0.002213264313633954
gourmandes,0.0,18.0,0.000819634807158144,-0.0010525700251447284,-0.00014040458826048812,-0.002220611606999266
couscous,0.0,18.0,0.000819634807158144,-0.0010525700251447284,-0.00014040458826048812,-0.002220611606999266
nectaire,4.0,35.0,0.001775875415509312,-0.0012236186702917042,-0.0001764335393834364,-0.0022442944832892016
gaspacho,5.0,39.0,0.0020035517508310186,-0.0012517618034514383,-0.00018205596622449533,-0.0022841679523046203
vanille,13.0,68.0,0.003688356632211648,-0.001301478531205188,-0.00019410603479527212,-0.0023316636252053444
gateau,2.0,28.0,0.00136605801193024,-0.001225808516480277,-0.00017424260907886557,-0.002337799412662216
mache,12.0,65.0,0.0035062155639542826,-0.0013318115105534945,-0.00019895822434627054,-0.002396881884331248
lentille,21.0,97.0,0.005373161513592278,-0.001351195258958938,-0.0002040085434508964,-0.002421391669952298
depannage,2.0,29.0,0.0014115932789945814,-0.0012842846289883175,-0.00018406090422712294,-0.00247728905454053
bolognaise,7.0,48.0,0.002504439688538773,-0.0013665241822789465,-0.0002027356969484269,-0.002501358289069682
forestier,1.0,25.0,0.0011839169436728746,-0.0012561414958285836,-0.00017743697869438156,-0.0025248224592423155
salsifi,1.0,25.0,0.0011839169436728746,-0.0012561414958285836,-0.00017743697869438156,-0.0025248224592423155
orange,10.0,59.0,0.003141933427439552,-0.0013924774692501076,-0.00020853584136814357,-0.002531246402006221
toulouse,0.0,20.0,0.0009107053412868266,-0.0011695222501608093,-0.00016014466780033096,-0.0025613170368641285
raisin,5.0,42.0,0.0021401575520240425,-0.0014271901409755594,-0.00021155974964803608,-0.0026673840895147646
bourguignon,0.0,21.0,0.000956240608351168,-0.0012279983626688497,-0.00017004170476416405,-0.002735193063330736
ravioli,0.0,21.0,0.000956240608351168,-0.0012279983626688497,-0.00017004170476416405,-0.002735193063330736
noel,0.0,21.0,0.000956240608351168,-0.0012279983626688497,-0.00017004170476416405,-0.002735193063330736
saint,23.0,107.0,0.0059195847183643735,-0.0015244337502944866,-0.0002337242427433731,-0.0027708026228213728
rillette,5.0,43.0,0.002185692819088384,-0.0014856662534836,-0.0002214137380251148,-0.002796507353188925
menu,5.0,43.0,0.002185692819088384,-0.0014856662534836,-0.0002214137380251148,-0.002796507353188925
merguez,0.0,22.0,0.0010017758754155093,-0.0012864744751768901,-0.00017995374016905918,-0.002911302308613367
coulis,0.0,22.0,0.0010017758754155093,-0.0012864744751768901,-0.00017995374016905918,-0.002911302308613367
choux,47.0,193.0,0.01092846409544192,-0.0016151078210476944,-0.0002508551395074797,-0.002945841469581095
chocolat,41.0,173.0,0.009744547151769044,-0.0016801534721214532,-0.00026170884961916336,-0.0030773105073303056
escalope,1.0,29.0,0.00136605801193024,-0.0014900459458607454,-0.00021693192195168556,-0.0031404089056125293
tajine,0.0,24.0,0.001092846409544192,-0.0014034267001929712,-0.00019981588394462228,-0.0032699078827852775
melon,15.0,84.0,0.004507991439369792,-0.0018255736975889792,-0.000283487549679227,-0.0034055502276846435
napolitaines,0.0,25.0,0.0011383816766085332,-0.0014619028127010117,-0.00020976317209560338,-0.003452260487337443
assiette,1.0,31.0,0.0014571285460589227,-0.0016069981708768263,-0.00023675114032466158,-0.0034572993835817545
thon,18.0,96.0,0.0051910204453349115,-0.0019100030970681811,-0.00029852673244498083,-0.0035680110833072602
fromage,95.0,368.0,0.021082828650790038,-0.0019718843000782332,-0.0003130754732774478,-0.0036627992517325233
timbale,2.0,39.0,0.0018669459496379946,-0.0018690457540687223,-0.0002829057055216786,-0.00393849593108732
pomme_de_terre,3.0,44.0,0.0021401575520240425,-0.0019556649997364965,-0.0002989131191184052,-0.004015291913180973
hachis,1.0,35.0,0.001639269614316288,-0.001840902620908988,-0.00027649530911488075,-0.004107944072659445
coleslaw,0.0,30.0,0.00136605801193024,-0.001754283375241214,-0.00025962123482450557,-0.004392025547107357
fruits,20.0,110.0,0.0059195847183643735,-0.0023171460384358916,-0.0003682602590698362,-0.004401587386134523
concombre,32.0,153.0,0.008424024406903147,-0.0023624830738124963,-0.00037765583507216784,-0.004463353688188409
blanquette,1.0,38.0,0.001775875415509312,-0.0020163309584331096,-0.0003063756429572885,-0.004609756586026043
paella,1.0,38.0,0.001775875415509312,-0.0020163309584331096,-0.0003063756429572885,-0.004609756586026043
semoule,7.0,65.0,0.003278539228632576,-0.0023606180949156345,-0.0003711086411078974,-0.004691988800159912
pizza,11.0,81.0,0.004189244569919402,-0.0024731906275545696,-0.0003922885004664846,-0.004822429170237492
caramel,7.0,67.0,0.0033696097627612586,-0.002477570319931716,-0.00039100358648555127,-0.0049594814740465155
aromatise,27.0,141.0,0.007649924866809344,-0.0026895763080781497,-0.00043295144198348404,-0.005143988044497963
mogette,0.0,34.0,0.0015481990801876054,-0.001988187825273376,-0.00029961309071842437,-0.005174301897672308
saucisse,0.0,34.0,0.0015481990801876054,-0.001988187825273376,-0.00029961309071842437,-0.005174301897672308
saucisses,0.0,35.0,0.0015937343472519467,-0.002046663937781416,-0.0003096217377031335,-0.005373728430022873
confit,5.0,63.0,0.0030963981603752107,-0.0026551885036444093,-0.0004198316848436818,-0.005520078199400352
surimi,5.0,64.0,0.003141933427439552,-0.00271366461615245,-0.0004297987587934641,-0.005662996113904903
ketchup,5.0,68.0,0.0033240744956969173,-0.0029475690661846118,-0.0004696963730744054,-0.006240693841498445
vert,82.0,346.0,0.01948909430353809,-0.0033603069442429065,-0.0005511153784810811,-0.006451331232185462
pilon,1.0,49.0,0.0022767633532170665,-0.0026595681960215546,-0.00041628309155129637,-0.006539815765570555
hache,2.0,57.0,0.002686580756796139,-0.0029216157792134505,-0.0004624171546726897,-0.006830161560731842
frites,3.0,63.0,0.003005327626246528,-0.0030667111373892655,-0.0004882992269196145,-0.006914598767163509
rape,4.0,69.0,0.0033240744956969173,-0.00321180649556508,-0.0005140173663503644,-0.007073719509951142
rouge,11.0,99.0,0.005008879377077546,-0.003525760652699298,-0.0005718063606795042,-0.007171391967603689
pasteque,3.0,66.0,0.003141933427439552,-0.003242139474913387,-0.0005183039257635923,-0.007397447840697619
emince,0.0,45.0,0.00204908701789536,-0.002631425062861821,-0.0004098682254205551,-0.0074432511291158965
yaourt,39.0,206.0,0.011156140430763626,-0.004021387818631645,-0.0006622070549240625,-0.007848178076555839
ile,2.0,63.0,0.0029597923591821867,-0.0032724724542616936,-0.0005224781705947543,-0.007857067330028352
boulettes,0.0,48.0,0.002185692819088384,-0.0028068534003859425,-0.00043998301993395316,-0.008088197747417097
noisette,0.0,48.0,0.002185692819088384,-0.0028068534003859425,-0.00043998301993395316,-0.008088197747417097
marmelade,1.0,58.0,0.002686580756796139,-0.003185853208593919,-0.000506459462161151,-0.008210835736860317
chevre,15.0,123.0,0.006283866854879104,-0.0041061420854025575,-0.0006724723074215143,-0.008326231489799187
pamplemousse,2.0,66.0,0.0030963981603752107,-0.003447900791785815,-0.0005525344631454764,-0.00838095613654955
fermier,8.0,99.0,0.004872273575884522,-0.004143044603316582,-0.0006759431352614943,-0.008853810177480388
pate,31.0,197.0,0.010382040890669823,-0.005141193341038705,-0.0008531022994499594,-0.010254636869827461
lasagne,0.0,60.0,0.00273211602386048,-0.003508566750482428,-0.0005605547079130305,-0.010762642296355582
flottante,0.0,63.0,0.002868721825053504,-0.0036839950880065493,-0.0005907179682404836,-0.011452619554820107
gruyere,17.0,155.0,0.007832065935066709,-0.005565855051914996,-0.000923033422710639,-0.01156259462961607
fume,4.0,98.0,0.004644597240562816,-0.004907613758298254,-0.0008045579179130791,-0.011778670039315986
petit,16.0,174.0,0.008651700742224853,-0.006882662506440193,-0.0011485974655319026,-0.014741368335297968
jus,2.0,107.0,0.004963344110013205,-0.005845421404615474,-0.0009642505545611871,-0.016121185290068618
volaille,1.0,109.0,0.005008879377077546,-0.006168134946503982,-0.0010190277336328565,-0.01881495537727881
haricots,11.0,195.0,0.009380265015254314,-0.009139467453471184,-0.0015346966253595273,-0.021385257203986062
pois,1.0,121.0,0.005555302581849643,-0.006869848296600469,-0.0011397945727564954,-0.021525284592711164
porc,2.0,147.0,0.006784754792586859,-0.008184465904937092,-0.0013666792673971988,-0.024481453233815856
veau,2.0,149.0,0.006875825326715541,-0.008301418129953173,-0.0013868096522978025,-0.02491627162818075
jambon,1.0,138.0,0.006329402121943445,-0.007863942209237156,-0.001310926784161531,-0.025475055051987744
saute,9.0,229.0,0.010837393561313238,-0.011539177912489415,-0.0019467722800107312,-0.029113023086133668
dinde,3.0,239.0,0.011019534629570603,-0.013358506938804388,-0.0022579903094102744,-0.042137753211440275
poulet,1.0,216.0,0.00988115295296207,-0.012425078984864312,-0.0020964741219242434,-0.0449164032072792
boeuf,1.0,237.0,0.010837393561313238,-0.013653077347533162,-0.0023080187320545058,-0.05045008739554071
roti,1.0,283.0,0.012932015846272939,-0.016342978522903024,-0.0027714395076213513,-0.0629278798638603
